,# Species,Genes,Alg.-Conn.,Aerococcus_christensenii.faa,Aerococcus_urina.faa,Aerococcus_urinaeequi.faa,Aerococcus_urinaehominis.faa,Aerococcus_viridans.faa,Anoxybacillus_amylolyticus.faa,Anoxybacillus_fermentans.faa,Anoxybacillus_gonensis.faa,Anoxybacillus_sediminis.faa,Anoxybacillus_—Åaldiproteolyticus.faa,Enterococcus_durans.faa,Enterococcus_faecium.faa,Enterococcus_gilvus.faa,Enterococcus_lactis.faa,Enterococcus_raffinosus.faa,Paenibacillus_cellulositrophicus.faa,Paenibacillus_lycopersici.faa,Paenibacillus_mucilaginosus.faa,Paenibacillus_rhizovicinus.faa,Paenibacillus_stellifer.faa,Staphylococcus_auricularis.faa,Staphylococcus_lutrae.faa,Staphylococcus_muscae.faa,Staphylococcus_pettenkoferi.faa,Staphylococcus_pseudintermedius.faa,Streptococcus_australis.faa,Streptococcus_cristatus.faa,Streptococcus_ferus.faa,Streptococcus_koreensis.faa,Streptococcus_sobrinus.faa,Thermoanaerobacter_brockii.faa,Thermoanaerobacter_italicus.faa,Thermoanaerobacter_kivui.faa,Thermoanaerobacter_mathranii.faa,Thermoanaerobacter_pseudethanolicus.faa,virgibacillius_dokdonensis.faa,virgibacillius_pantothenticus.faa,virgibacillius_phasianinus.faa,Thermoanaerobacter,Aerococcus,Anoxybacillus,Paenibacillus,Enterococcus,virgibacillius,Streptococcus,Staphylococcus,genes,taxons
286,21,29,0.147,WP_060777166.1,WP_060777907.1,*,*,*,WP_019416964.1,*,WP_127016787.1,WP_194520678.1,WP_066326114.1,*,*,"WP_114523868.1,WP_114526023.1",*,"WP_218257602.1,WP_218257224.1",*,*,*,*,*,QQA47428.1,"WP_085237315.1,WP_085238364.1",QQA47428.1,ASE37085.1,QQA47428.1,*,*,*,*,*,"WP_003867443.1,WP_003867451.1","WP_012995865.1,WP_012995857.1","WP_003867443.1,WP_049685714.1","WP_013150780.1,WP_013150774.1","WP_003867443.1,WP_003867451.1",lcl|CP017962.1_prot_APC48350.1_1773,lcl|CP017962.1_prot_APC48350.1_1773,lcl|CP022315.1_prot_ASK63252.1_2791,0,0,0,0,1,1,0,1,0,3
297,38,56,0.101,WP_060777434.1,WP_216403018.1,WP_034257926.1,WP_067979139.1,WP_060779419.1,WP_009373980.1,"WP_171566160.1,WP_171566159.1",WP_127017826.1,WP_194518936.1,WP_066326212.1,"WP_005880409.1,WP_005880411.1","WP_002317877.1,WP_002289486.1","WP_010781551.1,WP_010781553.1","WP_002292757.1,WP_002292758.1","WP_218256776.1,WP_218256775.1","WP_076170457.1,WP_152401270.1","WP_162358733.1,WP_162358727.1",WP_014649949.1,"WP_225446221.1,WP_162643931.1","WP_052098322.1,WP_084065043.1","QQA47396.1,QPT05363.1",WP_085235920.1,"QQA47396.1,QPT05363.1",ASE36035.1,QQA47396.1,"WP_126404057.1,WP_048689960.1","WP_005590258.1,WP_005590257.1","WP_018030439.1,WP_018029735.1,WP_018029736.1","WP_120702086.1,WP_120702088.1","WP_002961532.1,WP_019775440.1",WP_012269192.1,WP_012995457.1,WP_049685401.1,WP_013150464.1,WP_012269192.1,lcl|CP017962.1_prot_APC50332.1_3457,lcl|CP017962.1_prot_APC50332.1_3457,lcl|CP022315.1_prot_ASK63185.1_2722,0,3,0,1,2,0,0,0,0,3
669,33,33,0.0832,WP_060776631.1,WP_060778997.1,WP_059348289.1,WP_067978878.1,WP_003142928.1,WP_019416585.1,WP_230077582.1,WP_127017658.1,WP_181555261.1,WP_066322299.1,WP_005875783.1,WP_002295258.1,WP_114525177.1,WP_002293118.1,WP_218256256.1,WP_076172500.1,WP_162354731.1,WP_014653181.1,WP_162641190.1,WP_038699848.1,*,*,*,*,*,WP_126404896.1,WP_005591641.1,WP_018030622.1,WP_120701543.1,WP_109833427.1,WP_009052056.1,WP_012996278.1,WP_049686144.1,WP_013151058.1,WP_009052056.1,lcl|CP017962.1_prot_APC50133.1_3681,lcl|CP017962.1_prot_APC50133.1_3681,lcl|CP022315.1_prot_ASK61767.1_1163,0,3,0,1,0,0,1,0,0,3
709,32,35,0.149,*,*,WP_059348733.1,WP_067977834.1,WP_003141768.1,WP_009373920.1,WP_171565630.1,*,WP_181554371.1,WP_066326172.1,WP_005881023.1,WP_002286616.1,WP_010780234.1,WP_002286616.1,WP_010745930.1,WP_076169997.1,WP_162356634.1,WP_014650740.1,WP_162639031.1,WP_038697325.1,"QQA48229.1,QPT05919.1",WP_085237646.1,"QQA48229.1,SNV99547.1,QPT05919.1",ASE37621.1,QQA48229.1,WP_126403726.1,WP_037586384.1,*,WP_120701323.1,WP_002960182.1,*,WP_012995947.1,WP_049686277.1,WP_013150823.1,*,lcl|CP017962.1_prot_APC48320.1_1742,lcl|CP017962.1_prot_APC48320.1_1742,lcl|CP022315.1_prot_ASK63218.1_2756,0,1,0,3,0,0,1,0,0,3
757,33,41,0.219,*,*,*,*,*,WP_009732843.1,WP_212131879.1,WP_127016295.1,WP_194519951.1,WP_238583565.1,WP_081134119.1,WP_002293986.1,WP_114524058.1,WP_002328944.1,WP_218256896.1,"WP_152398373.1,WP_152399837.1","WP_162358263.1,WP_162360183.1","WP_014371468.1,WP_013921548.1","WP_162644425.1,WP_162642009.1","WP_038695547.1,WP_038698130.1","QQA47697.1,QPT05506.1",WP_085238108.1,"QQA47697.1,QPT05506.1,SNW01761.1",ASE35888.1,QQA47697.1,WP_126403890.1,WP_005590818.1,WP_018029354.1,WP_023022438.1,WP_019770413.1,WP_003868213.1,WP_012995358.1,WP_049685319.1,WP_013150385.1,WP_003868213.1,lcl|CP017962.1_prot_APC49899.1_3426,lcl|CP017962.1_prot_APC49899.1_3426,lcl|CP022315.1_prot_ASK61933.1_1341,0,0,0,1,0,1,2,0,0,3
893,38,41,0.167,WP_060777184.1,WP_230080677.1,WP_003140932.1,WP_067980112.1,WP_003140932.1,WP_009361727.1,WP_171565470.1,WP_127016603.1,WP_181554561.1,WP_066326460.1,WP_002289451.1,WP_002289451.1,WP_010779980.1,WP_002289451.1,WP_010745707.1,WP_152398594.1,WP_162358491.1,WP_014652523.1,WP_162644174.1,WP_038697969.1,"QQA49574.1,QPT07032.1",WP_085236100.1,"QQA49574.1,SNW02243.1,QPT07032.1",ASE36257.1,QQA49574.1,WP_126404131.1,WP_005590407.1,WP_018029994.1,WP_006596492.1,WP_019777062.1,WP_009052616.1,WP_012994935.1,WP_049684908.1,WP_012994935.1,WP_009052616.1,lcl|CP017962.1_prot_APC48140.1_1544,lcl|CP017962.1_prot_APC48140.1_1544,lcl|CP022315.1_prot_ASK63073.1_2605,0,1,0,0,0,0,3,1,0,3
908,30,34,0.216,*,*,*,*,*,WP_019417703.1,WP_171565737.1,WP_127015382.1,WP_194520645.1,WP_066324575.1,WP_081133804.1,WP_002301667.1,WP_086306032.1,WP_002329691.1,WP_218256536.1,WP_076170467.1,WP_162356191.1,WP_014649938.1,WP_162639440.1,WP_052098319.1,"QQA47557.1,QPT05382.1",WP_085238244.1,"QQA47557.1,SNW02809.1,QPT05382.1",ASE36010.1,QQA47557.1,*,*,WP_018030040.1,*,WP_019769652.1,WP_012269131.1,WP_012995606.1,WP_049685522.1,WP_012995606.1,WP_012269131.1,lcl|CP017962.1_prot_APC48527.1_1959,lcl|CP017962.1_prot_APC48527.1_1959,"lcl|CP022315.1_prot_ASK63433.1_2983,lcl|CP022315.1_prot_ASK62151.1_1575",0,0,0,2,1,0,1,0,0,3
1014,32,38,0.169,WP_060777301.1,WP_060778229.1,WP_059348745.1,WP_067977361.1,WP_003141581.1,WP_019417214.1,*,WP_236777946.1,WP_194520214.1,*,WP_081133525.1,WP_002295854.1,WP_010780788.1,WP_002329182.1,WP_218255470.1,*,*,*,*,WP_038699433.1,"QQA49494.1,QPT06958.1",WP_085236228.1,"QQA49494.1,QPT06958.1,SNW02920.1",ASE36335.1,QQA49494.1,"WP_126404210.1,WP_126404780.1","WP_005590365.1,WP_005592450.1",WP_018029805.1,"WP_117744228.1,WP_023024279.1",WP_019777799.1,WP_012268968.1,WP_012995987.1,WP_049685768.1,WP_013150863.1,WP_012268968.1,lcl|CP017962.1_prot_APC48482.1_1912,lcl|CP017962.1_prot_APC48482.1_1912,lcl|CP022315.1_prot_ASK63379.1_2923,0,1,0,1,0,0,0,1,0,3
1088,38,41,0.186,WP_060776349.1,WP_041706165.1,WP_016896758.1,WP_067977915.1,WP_039935929.1,WP_003394988.1,WP_081656570.1,WP_127016209.1,WP_181554970.1,WP_027408176.1,WP_005880725.1,WP_002290463.1,WP_010747188.1,WP_002290463.1,WP_010747188.1,WP_047910965.1,WP_162358257.1,WP_014371462.1,WP_162358257.1,WP_038695558.1,"QQA47690.1,QPT05500.1",WP_085238115.1,"QQA47690.1,SNW01784.1,QPT05500.1",ASE35894.1,QQA47690.1,WP_001140948.1,WP_001140948.1,WP_002263485.1,WP_001140948.1,WP_002960104.1,WP_012269386.1,WP_012995351.1,WP_049685313.1,WP_012995351.1,WP_012269386.1,lcl|CP017962.1_prot_APC48674.1_2109,lcl|CP017962.1_prot_APC48674.1_2109,lcl|CP022315.1_prot_ASK63539.1_3102,0,2,0,0,0,0,3,1,0,3
1105,38,41,0.295,WP_060776334.1,WP_041706153.1,WP_026465431.1,WP_067979727.1,WP_003142016.1,WP_003397838.1,WP_171566664.1,WP_127017022.1,WP_181554673.1,WP_066327566.1,WP_071855433.1,WP_002289309.1,WP_010742869.1,WP_002289309.1,WP_010747119.1,WP_076173245.1,WP_162359156.1,WP_013914488.1,WP_162643265.1,WP_025692214.1,"QQA49550.1,QPT07007.1",WP_085236144.1,"QQA49550.1,SNW02178.1,QPT07007.1",ASE36288.1,QQA49550.1,WP_001125942.1,WP_005590589.1,WP_018030073.1,WP_001125942.1,WP_002962762.1,WP_004401892.1,WP_003867239.1,WP_049685456.1,WP_003867239.1,WP_004401892.1,lcl|CP017962.1_prot_APC48065.1_1465,lcl|CP017962.1_prot_APC48065.1_1465,lcl|CP022315.1_prot_ASK63003.1_2533,0,0,0,2,3,1,0,0,0,3
1106,38,41,0.179,WP_060777280.1,WP_060778214.1,WP_016897462.1,WP_067977568.1,WP_003141013.1,WP_020424598.1,WP_171564678.1,WP_127015727.1,WP_181554889.1,WP_066323918.1,WP_005875918.1,WP_002288509.1,WP_044926207.1,WP_002314812.1,WP_218255943.1,WP_076168054.1,WP_162360453.1,WP_013919448.1,WP_192043615.1,WP_038696664.1,"QQA47634.1,QPT05454.1",WP_085238163.1,"SNW01931.1,QQA47634.1,QPT05454.1",ASE35939.1,QQA47634.1,WP_126403824.1,WP_005590926.1,WP_018030949.1,WP_120701213.1,WP_019769944.1,WP_012269357.1,WP_012995245.1,WP_049685235.1,WP_012995245.1,WP_012269357.1,lcl|CP017962.1_prot_APC48593.1_2025,lcl|CP017962.1_prot_APC48593.1_2025,lcl|CP022315.1_prot_ASK63486.1_3045,0,0,0,2,3,0,0,2,0,3
1109,25,28,0.108,*,WP_060777736.1,*,*,*,WP_026011513.1,WP_230076699.1,WP_127016621.1,WP_194519021.1,WP_066327452.1,*,*,*,*,WP_218257151.1,WP_152402904.1,WP_162360581.1,WP_014371967.1,WP_162644143.1,WP_038698027.1,"QQA49559.1,QPT07016.1",WP_085236126.1,"QQA49559.1,QPT07016.1,SNW02201.1",ASE36279.1,QQA49559.1,*,*,*,*,*,WP_012269642.1,WP_012994504.1,WP_049684494.1,WP_013149813.1,WP_012269642.1,lcl|CP017962.1_prot_APC48116.1_1518,lcl|CP017962.1_prot_APC48116.1_1518,lcl|CP022315.1_prot_ASK63052.1_2584,0,1,0,5,0,0,0,1,0,3
1144,28,32,0.18,WP_060776570.1,WP_060777550.1,"WP_059348435.1,WP_059349256.1",WP_067979247.1,WP_003141501.1,WP_009361625.1,*,*,WP_181537650.1,WP_066327929.1,WP_005879048.1,WP_002289439.1,WP_010779487.1,WP_002289439.1,WP_010745194.1,*,*,*,*,WP_038694379.1,"QQA49148.1,QPT06692.1",WP_085236789.1,"QQA49148.1,SNW03501.1,QPT06692.1",ASE36603.1,QQA49148.1,WP_126403848.1,WP_005590897.1,WP_018030914.1,WP_120701193.1,WP_019786436.1,*,*,WP_049684674.1,*,*,lcl|CP017962.1_prot_APC50176.1_756,lcl|CP017962.1_prot_APC50176.1_756,lcl|CP022315.1_prot_ASK60906.1_221,0,1,0,0,1,0,0,1,0,3
1155,38,41,0.196,WP_060777457.1,WP_060778738.1,WP_059348369.1,WP_067980867.1,WP_003143163.1,WP_009360705.1,WP_212132637.1,WP_164731083.1,WP_228485566.1,WP_066322260.1,WP_232509805.1,WP_002287154.1,WP_086305465.1,WP_002291003.1,WP_218256702.1,WP_105444932.1,WP_162360246.1,WP_014648967.1,WP_162645275.1,WP_052099076.1,"QPT06429.1,QQA48309.1",WP_085237579.1,"QPT06429.1,QQA48309.1,SNV99099.1",ASE37561.1,QQA48309.1,WP_049474207.1,WP_005592127.1,WP_018030562.1,WP_120701509.1,WP_002963331.1,WP_003867379.1,WP_012994212.1,WP_049684271.1,WP_013149559.1,WP_003867379.1,lcl|CP017962.1_prot_APC46720.1_34,lcl|CP017962.1_prot_APC46720.1_34,lcl|CP022315.1_prot_ASK64299.1_1135,0,1,1,1,0,0,0,0,0,3
1160,33,36,0.231,WP_060777086.1,WP_060777987.1,WP_026465402.1,WP_067979817.1,WP_003143610.1,WP_009374064.1,WP_230076752.1,WP_127016704.1,WP_181554475.1,WP_066326283.1,WP_005877822.1,WP_002287639.1,WP_086303553.1,WP_002287639.1,WP_218255999.1,WP_089548254.1,WP_162356315.1,WP_013917866.1,WP_162639210.1,WP_038694557.1,"QPT05186.1,QQA49622.1",WP_240622362.1,"QPT05186.1,QQA49622.1,SNW02406.1",ASE36204.1,QQA49622.1,WP_126404735.1,WP_005590991.1,WP_018030741.1,WP_174705368.1,WP_109833460.1,*,*,*,*,*,lcl|CP017962.1_prot_APC48203.1_1609,lcl|CP017962.1_prot_APC48203.1_1609,lcl|CP022315.1_prot_ASK63131.1_2665,0,1,0,1,0,0,0,1,0,3
1212,38,43,0.329,WP_236701105.1,WP_230080710.1,WP_059349243.1,WP_067978470.1,WP_003142233.1,WP_035067683.1,WP_212132404.1,WP_127016370.1,WP_194519482.1,WP_066328114.1,WP_081133781.1,WP_002311357.1,WP_114525295.1,WP_002293421.1,WP_218256468.1,WP_208837135.1,"WP_162354919.1,WP_162356489.1",WP_014371633.1,"WP_162639107.1,WP_162643003.1",WP_038697642.1,"QQA49202.1,QPT06737.1",WP_085236731.1,"SNW03381.1,QQA49202.1,QPT06737.1",ASE36549.1,QQA49202.1,WP_126403968.1,WP_005589563.1,WP_018029423.1,WP_120702210.1,WP_019777004.1,WP_009052549.1,WP_012995477.1,WP_049685423.1,WP_013150479.1,WP_009052549.1,lcl|CP017962.1_prot_APC48719.1_2156,lcl|CP017962.1_prot_APC48719.1_2156,lcl|CP022315.1_prot_ASK63584.1_3149,0,1,0,1,0,0,0,1,0,3
1227,38,41,0.194,WP_060776351.1,WP_060777877.1,WP_059348621.1,WP_067977924.1,WP_003142448.1,WP_019418380.1,WP_230077139.1,WP_127016292.1,WP_181554974.1,WP_066323684.1,WP_081135036.1,WP_002287377.1,WP_114525023.1,WP_002293056.1,WP_010745316.1,WP_152398372.1,WP_162358261.1,WP_014371466.1,WP_162644429.1,WP_038695551.1,"QPT05504.1,QQA47695.1",WP_085238110.1,"QPT05504.1,QQA47695.1,SNW01768.1",ASE35890.1,QQA47695.1,WP_126403854.1,WP_005590930.1,WP_018030906.1,WP_120701190.1,WP_019775539.1,WP_003868215.1,WP_012995356.1,WP_049685318.1,WP_013150384.1,WP_003868215.1,lcl|CP017962.1_prot_APC48679.1_2114,lcl|CP017962.1_prot_APC48679.1_2114,lcl|CP022315.1_prot_ASK63544.1_3107,0,1,0,1,0,0,0,2,0,3
1263,38,41,0.196,WP_060777084.1,WP_060777985.1,WP_016897675.1,WP_067979813.1,WP_003143607.1,WP_009374066.1,WP_171565362.1,WP_127016538.1,WP_181554477.1,WP_066326286.1,WP_005877814.1,WP_002287635.1,WP_114524649.1,WP_219273597.1,WP_218257361.1,WP_152398487.1,WP_162356307.1,WP_013917869.1,WP_162639216.1,WP_038694553.1,"QPT05184.1,QQA49620.1",WP_085236009.1,"QPT05184.1,SNW02402.1,QQA49620.1",ASE36206.1,QQA49620.1,WP_126404739.1,WP_005590992.1,WP_018030737.1,WP_120701678.1,WP_019777412.1,WP_003868112.1,WP_012994940.1,WP_049684913.1,WP_013150134.1,WP_003868112.1,lcl|CP017962.1_prot_APC48201.1_1607,lcl|CP017962.1_prot_APC48201.1_1607,lcl|CP022315.1_prot_ASK63129.1_2663,0,2,0,1,0,0,1,0,0,3
1288,31,34,0.193,*,WP_060778251.1,WP_059349090.1,*,WP_003141982.1,WP_240483494.1,WP_212132592.1,WP_127016760.1,WP_194520736.1,WP_066322143.1,*,*,*,*,*,WP_152403134.1,WP_162354795.1,WP_014653018.1,WP_162645280.1,WP_038692870.1,"QQA48363.1,QPT06379.1",WP_085237530.1,"QQA48363.1,QPT06379.1,SNV98844.1",ASE37480.1,QQA48363.1,WP_164555425.1,WP_037586379.1,WP_018029859.1,WP_165851222.1,WP_002959258.1,WP_003867818.1,WP_012995970.1,WP_049685860.1,WP_013150852.1,WP_003867818.1,lcl|CP017962.1_prot_APC46777.1_91,lcl|CP017962.1_prot_APC46777.1_91,lcl|CP022315.1_prot_ASK64296.1_1078,0,2,0,1,0,0,0,2,0,3
1299,36,39,0.183,*,*,WP_048727878.1,WP_067977316.1,WP_106427344.1,WP_019417619.1,WP_171564977.1,WP_127017534.1,WP_194520556.1,WP_066325829.1,WP_005879020.1,WP_002289143.1,WP_114524428.1,WP_002329286.1,WP_218255514.1,WP_152402804.1,WP_162356849.1,WP_014370042.1,WP_162638912.1,WP_038697035.1,"QQA47472.1,QPT05296.1",WP_085238322.1,"SNW02643.1,QQA47472.1,QPT05296.1",ASE36100.1,QQA47472.1,WP_126404394.1,WP_005590559.1,WP_018030067.1,WP_023023596.1,WP_019778016.1,WP_012269260.1,WP_012995045.1,WP_049685037.1,WP_012995045.1,WP_012269260.1,lcl|CP017962.1_prot_APC48436.1_1864,lcl|CP017962.1_prot_APC48436.1_1864,lcl|CP022315.1_prot_ASK63341.1_2883,0,1,0,2,0,0,0,2,0,3
1318,38,41,0.289,WP_060776137.1,WP_060778437.1,WP_059348818.1,WP_067977660.1,WP_004262331.1,WP_205626191.1,WP_171565605.1,WP_236777796.1,WP_194518891.1,WP_179946274.1,WP_081133900.1,WP_002286658.1,WP_086303487.1,WP_002291885.1,WP_010745905.1,WP_076170020.1,WP_162356681.1,WP_016362578.1,WP_162639004.1,WP_038697279.1,"QPT05244.1,QQA47422.1",WP_085238370.1,"SNW02540.1,QPT05244.1,QQA47422.1",ASE36141.1,QQA47422.1,WP_126403913.1,WP_005589515.1,WP_018029406.1,WP_006596770.1,WP_019771965.1,WP_012269315.1,WP_012995154.1,WP_049685147.1,WP_012995154.1,WP_012269315.1,lcl|CP017962.1_prot_APC48339.1_1761,lcl|CP017962.1_prot_APC48339.1_1761,lcl|CP022315.1_prot_ASK63240.1_2779,0,1,1,0,1,0,0,0,0,3
1325,38,41,0.371,WP_060776342.1,WP_060777886.1,WP_059349370.1,WP_082702027.1,WP_004262370.1,WP_009732858.1,WP_171566945.1,WP_127016082.1,WP_194519957.1,WP_066323718.1,WP_016177197.1,WP_002287896.1,WP_086305813.1,WP_002287896.1,WP_218256457.1,WP_076168242.1,WP_162356989.1,WP_013919532.1,WP_162638779.1,WP_038695812.1,"QPT05489.1,QQA47681.1",WP_085238125.1,"QPT05489.1,SNW01820.1,QQA47681.1",ASE35904.1,QQA47681.1,WP_126405060.1,WP_005589493.1,WP_018029531.1,WP_117744497.1,WP_019769592.1,WP_003869194.1,WP_012995327.1,WP_049685291.1,WP_012995327.1,WP_003869194.1,lcl|CP017962.1_prot_APC48663.1_2097,lcl|CP017962.1_prot_APC48663.1_2097,lcl|CP022315.1_prot_ASK63519.1_3080,0,0,0,2,1,0,0,1,0,3
1395,28,30,0.296,*,*,WP_026465730.1,*,WP_003142172.1,WP_035066225.1,WP_171567299.1,WP_127017377.1,WP_181556521.1,WP_066322802.1,*,*,WP_114524014.1,*,WP_218256803.1,WP_089549412.1,WP_162354965.1,WP_013914005.1,"WP_192043609.1,WP_162645427.1",WP_156995734.1,QQA48755.1,WP_085237156.1,"QQA48755.1,SNW04529.1",*,QQA48755.1,*,*,WP_018030091.1,*,WP_002959140.1,WP_012269043.1,WP_012995774.1,WP_049685645.1,WP_013150716.1,WP_012269043.1,lcl|CP017962.1_prot_APC47032.1_359,lcl|CP017962.1_prot_APC47032.1_359,lcl|CP022315.1_prot_ASK64284.1_789,0,1,0,6,0,0,0,1,0,3
1397,38,41,0.38,WP_060777373.1,WP_060778283.1,WP_026466022.1,WP_067977192.1,WP_003142696.1,WP_035065928.1,WP_230077141.1,WP_127016313.1,WP_194519946.1,WP_066323656.1,WP_081133547.1,WP_002288890.1,WP_114524422.1,WP_002313779.1,WP_218255505.1,WP_152398378.1,WP_162358279.1,WP_014371477.1,WP_162644399.1,WP_038695519.1,"QPT05514.1,QQA47705.1",WP_085238099.1,"QPT05514.1,SNW01734.1,QQA47705.1",ASE35879.1,QQA47705.1,WP_126404520.1,WP_005589607.1,WP_018029592.1,WP_120701773.1,WP_019771162.1,WP_003868197.1,WP_012995374.1,WP_049685333.1,WP_013150398.1,WP_003868197.1,lcl|CP017962.1_prot_APC48689.1_2124,lcl|CP017962.1_prot_APC48689.1_2124,lcl|CP022315.1_prot_ASK63554.1_3117,0,0,0,4,1,0,0,1,0,3
1401,38,41,0.332,WP_060776526.1,WP_060778797.1,WP_059348412.1,WP_067979169.1,WP_003143356.1,WP_019417457.1,WP_230077447.1,WP_127015605.1,WP_181556513.1,WP_066322811.1,WP_081135531.1,WP_002306471.1,WP_010780605.1,WP_002329315.1,WP_010745013.1,WP_076173173.1,WP_162354973.1,WP_013914018.1,WP_162640757.1,WP_052098102.1,"QQA48088.1,QPT05804.1",WP_085237768.1,"QQA48088.1,SNW00372.1,QPT05804.1",ASE37743.1,QQA48088.1,WP_126404036.1,WP_005590209.1,WP_018030121.1,WP_023022779.1,WP_019769619.1,WP_003868730.1,WP_012995623.1,WP_049685539.1,WP_012995623.1,WP_003868730.1,lcl|CP017962.1_prot_APC49106.1_2564,lcl|CP017962.1_prot_APC49106.1_2564,lcl|CP022315.1_prot_ASK62749.1_2255,0,1,0,2,0,0,0,2,0,3
1403,38,41,0.404,WP_060776794.1,WP_060779091.1,WP_059349267.1,WP_067978532.1,WP_039935959.1,WP_035067847.1,WP_212132619.1,WP_205665651.1,WP_194519397.1,WP_066322228.1,WP_081134833.1,WP_002288078.1,WP_114525370.1,WP_002315428.1,WP_035016309.1,WP_152399709.1,WP_162354751.1,WP_014372596.1,WP_162641126.1,WP_038692827.1,"QQA48388.1,QPT06355.1",WP_085237507.1,"SNV98719.1,QQA48388.1,QPT06355.1",ASE37450.1,QQA48388.1,WP_185946449.1,WP_005591853.1,WP_018030308.1,WP_023024024.1,WP_019777380.1,WP_009052000.1,WP_012994268.1,WP_049684315.1,WP_013149598.1,WP_009052000.1,lcl|CP017962.1_prot_APC46737.1_51,lcl|CP017962.1_prot_APC46737.1_51,lcl|CP022315.1_prot_ASK61725.1_1119,0,2,0,1,0,0,0,2,0,3
1415,38,42,0.16,WP_060776284.1,WP_060778082.1,WP_059349002.1,WP_067980055.1,WP_039935948.1,WP_035067395.1,WP_230077764.1,WP_127017269.1,WP_181556387.1,WP_066322905.1,WP_081135736.1,WP_002288574.1,WP_010780539.1,WP_002290415.1,WP_028020642.1,WP_116231950.1,WP_162359204.1,WP_013914431.1,"WP_162643226.1,WP_192043570.1",WP_038694369.1,"QQA47996.1,QPT05708.1",WP_085237867.1,"QQA47996.1,SNW01037.1,QPT05708.1",ASE37906.1,QQA47996.1,WP_126404932.1,WP_000018246.1,WP_026161960.1,WP_120701511.1,WP_002961708.1,WP_004400033.1,WP_012995583.1,WP_049685513.1,WP_013150566.1,WP_004400033.1,lcl|CP017962.1_prot_APC48911.1_2355,lcl|CP017962.1_prot_APC48911.1_2355,lcl|CP022315.1_prot_ASK62879.1_2394,0,0,0,1,1,0,0,1,0,3
1455,38,41,0.411,WP_060776354.1,WP_060777874.1,WP_059348618.1,WP_067977930.1,WP_003142452.1,WP_019418377.1,WP_212131877.1,WP_127016299.1,WP_194519949.1,WP_066323679.1,WP_081135031.1,WP_002303642.1,WP_114525026.1,WP_002293059.1,WP_010745313.1,WP_152398374.1,WP_162358264.1,WP_014652197.1,WP_162644421.1,WP_038695545.1,"QQA47699.1,QPT05508.1",WP_085238106.1,"QQA47699.1,QPT05508.1,SNW01756.1",ASE35886.1,QQA47699.1,WP_126403852.1,WP_005590935.1,WP_018030909.1,WP_117745178.1,WP_019769792.1,WP_013570814.1,WP_012995362.1,WP_049685323.1,WP_041591701.1,WP_013570814.1,lcl|CP017962.1_prot_APC48682.1_2117,lcl|CP017962.1_prot_APC48682.1_2117,lcl|CP022315.1_prot_ASK63547.1_3110,0,2,0,3,0,0,0,1,0,3
1490,38,41,0.501,WP_060776217.1,WP_060778012.1,WP_026465378.1,WP_067979912.1,WP_039935971.1,WP_035065318.1,WP_171567541.1,WP_127018295.1,WP_181554726.1,WP_066327689.1,WP_081135326.1,WP_002287955.1,WP_010781613.1,WP_002310213.1,WP_218256737.1,WP_152398433.1,WP_162356441.1,WP_014371654.1,WP_162639136.1,WP_052098683.1,"QPT06973.1,QQA49514.1",WP_085236199.1,"SNW02875.1,QPT06973.1,QQA49514.1",ASE36322.1,QQA49514.1,WP_126404127.1,WP_005590412.1,WP_018029997.1,WP_120702009.1,WP_109833546.1,WP_012269178.1,WP_012995488.1,WP_049685434.1,WP_013150489.1,WP_012269178.1,lcl|CP017962.1_prot_APC48007.1_1404,lcl|CP017962.1_prot_APC48007.1_1404,lcl|CP022315.1_prot_ASK62945.1_2469,0,0,0,1,0,0,1,1,0,3
1500,33,36,0.527,*,*,*,WP_234946605.1,*,WP_035064548.1,WP_230077815.1,WP_127017177.1,WP_194519651.1,WP_066323089.1,WP_081134945.1,WP_002293684.1,WP_114525702.1,WP_002329586.1,WP_070508970.1,*,WP_162360285.1,WP_014649227.1,WP_162645208.1,WP_038700052.1,"QPT06872.1,QQA49344.1",WP_085236433.1,"QPT06872.1,QQA49344.1,SNW03103.1",ASE36419.1,QQA49344.1,WP_126404758.1,WP_005591074.1,WP_018030144.1,WP_120701664.1,WP_019768992.1,WP_009053011.1,WP_012995545.1,WP_049685491.1,WP_013150549.1,WP_009053011.1,lcl|CP017962.1_prot_APC47380.1_732,lcl|CP017962.1_prot_APC47380.1_732,lcl|CP022315.1_prot_ASK60936.1_252,0,0,0,2,1,0,0,2,0,3
1513,38,41,0.484,WP_060776782.1,WP_013668701.1,WP_026465186.1,WP_067978620.1,WP_003143175.1,WP_009361432.1,WP_230077635.1,WP_236777847.1,WP_181557461.1,WP_066322126.1,WP_005881164.1,WP_002289036.1,WP_010779367.1,WP_002310600.1,WP_218256242.1,WP_076176703.1,WP_162359893.1,WP_013921197.1,WP_162642494.1,WP_038699077.1,"QQA48352.1,QPT06389.1",WP_085237544.1,"QQA48352.1,SNV98900.1,QPT06389.1",ASE37488.1,QQA48352.1,WP_126404941.1,WP_005591150.1,WP_018030534.1,WP_042361280.1,WP_002963295.1,WP_029687915.1,WP_012995951.1,WP_049685845.1,WP_013150826.1,WP_029687915.1,lcl|CP017962.1_prot_APC46782.1_97,lcl|CP017962.1_prot_APC46782.1_97,lcl|CP022315.1_prot_ASK61682.1_1072,0,1,0,0,1,0,0,1,0,3
1515,38,41,0.423,WP_060776919.1,WP_013668726.1,WP_016896836.1,WP_067977878.1,WP_004262395.1,WP_004891099.1,WP_171566959.1,WP_127015680.1,WP_181554954.1,WP_027408160.1,WP_005875628.1,WP_002290274.1,WP_010740297.1,WP_002290274.1,WP_010740297.1,WP_076168226.1,WP_126016297.1,WP_013919525.1,WP_126016297.1,WP_038696793.1,"QQA47668.1,QPT05482.1",WP_085238131.1,"QQA47668.1,SNW01835.1,QPT05482.1",ASE35911.1,QQA47668.1,WP_006596292.1,WP_005590447.1,WP_018029945.1,WP_006596292.1,WP_002960712.1,WP_003866679.1,WP_003866679.1,WP_049685284.1,WP_003866679.1,WP_003866679.1,lcl|CP017962.1_prot_APC48657.1_2091,lcl|CP017962.1_prot_APC48657.1_2091,lcl|CP022315.1_prot_ASK63513.1_3074,0,1,0,2,0,0,0,3,0,3
1518,38,41,0.534,WP_060777274.1,WP_013669985.1,WP_026465947.1,WP_067977595.1,WP_003141032.1,WP_009732918.1,WP_171564668.1,WP_127015707.1,WP_181554899.1,WP_066323887.1,WP_005875935.1,WP_002293875.1,WP_086303580.1,WP_002293875.1,WP_010746062.1,WP_076168076.1,WP_162357170.1,WP_013919459.1,WP_162638660.1,WP_038696682.1,"QQA47643.1,QPT05463.1",WP_085238153.1,"QQA47643.1,SNW01904.1,QPT05463.1",ASE35931.1,QQA47643.1,WP_006595853.1,WP_005589576.1,WP_018030265.1,WP_120701727.1,WP_002961851.1,WP_003866736.1,WP_012995257.1,WP_049685247.1,WP_012995257.1,WP_003866736.1,lcl|CP017962.1_prot_APC48602.1_2034,lcl|CP017962.1_prot_APC48602.1_2034,lcl|CP022315.1_prot_ASK63494.1_3053,0,2,0,3,1,0,0,0,0,3
1525,38,41,0.509,WP_060777307.1,WP_060778235.1,WP_026466079.1,WP_067977354.1,WP_003140861.1,WP_205626206.1,WP_171566965.1,WP_127015686.1,WP_181554948.1,WP_179946265.1,WP_095443806.1,WP_002296988.1,WP_114524259.1,WP_002309567.1,WP_218257186.1,WP_116231770.1,WP_162357002.1,WP_014371432.1,WP_162638759.1,WP_038696777.1,"QPT05475.1,QQA47658.1",WP_085238138.1,"QPT05475.1,SNW01867.1,QQA47658.1",ASE35917.1,QQA47658.1,WP_126404218.1,WP_005590344.1,WP_018029797.1,WP_023023197.1,WP_002962311.1,WP_012269371.1,WP_012995305.1,WP_049685279.1,WP_013150355.1,WP_012269371.1,lcl|CP017962.1_prot_APC48651.1_2084,lcl|CP017962.1_prot_APC48651.1_2084,lcl|CP022315.1_prot_ASK63508.1_3067,0,0,0,3,0,0,1,2,0,3
1542,38,41,0.572,WP_101660346.1,WP_060778308.1,WP_059348916.1,WP_082701997.1,WP_039935729.1,WP_035067176.1,WP_212132934.1,WP_127016419.1,WP_181554530.1,WP_066326411.1,WP_081134897.1,WP_002289103.1,WP_114524075.1,WP_002291383.1,WP_218256947.1,WP_116229363.1,WP_162358464.1,WP_013920059.1,WP_162644202.1,WP_038697917.1,"QPT07047.1,QQA49588.1",WP_085236068.1,"QPT07047.1,SNW02291.1,QQA49588.1",ASE36242.1,QQA49588.1,WP_126403616.1,WP_005591448.1,WP_018030454.1,WP_120701383.1,WP_109833718.1,WP_012269284.1,WP_012995100.1,WP_049685095.1,WP_013150240.1,WP_012269284.1,lcl|CP017962.1_prot_APC48167.1_1572,lcl|CP017962.1_prot_APC48167.1_1572,lcl|CP022315.1_prot_ASK63095.1_2629,0,1,0,1,0,0,1,0,0,3
1551,37,40,0.472,WP_060776650.1,WP_060779018.1,WP_059349349.1,WP_067978840.1,WP_039935839.1,WP_035067232.1,WP_171563922.1,*,WP_181555277.1,WP_066322342.1,WP_081133665.1,WP_002288371.1,WP_114525181.1,WP_002319563.1,WP_218256261.1,WP_152399730.1,WP_162354713.1,WP_014653173.1,WP_162641293.1,WP_038699807.1,"QQA48544.1,QPT06203.1",WP_085237361.1,"QQA48544.1,SNV98133.1,QPT06203.1",ASE37338.1,QQA48544.1,WP_164555457.1,WP_174263562.1,WP_018030445.1,WP_167444699.1,WP_019773637.1,WP_012269828.1,WP_012996259.1,WP_049686124.1,WP_013151042.1,WP_012269828.1,lcl|CP017962.1_prot_APC50114.1_3661,lcl|CP017962.1_prot_APC50114.1_3661,lcl|CP022315.1_prot_ASK61791.1_1188,0,2,0,0,1,0,0,1,0,3
1565,31,34,0.593,*,WP_060778326.1,WP_048728067.1,WP_067977157.1,WP_003142763.1,WP_009361518.1,WP_171565742.1,WP_127017984.1,WP_181554697.1,WP_066327637.1,WP_081134739.1,WP_002287623.1,WP_010780309.1,WP_002290846.1,WP_218256012.1,WP_076170470.1,WP_162356188.1,WP_013915002.1,WP_162639443.1,WP_038694860.1,"QPT06988.1,QQA49531.1",*,"QPT06988.1,QQA49531.1,SNW02111.1",ASE36306.1,QQA49531.1,WP_006597410.1,WP_005591714.1,WP_018030381.1,WP_120701224.1,WP_002961472.1,*,*,*,*,*,lcl|CP017962.1_prot_APC48042.1_1441,lcl|CP017962.1_prot_APC48042.1_1441,lcl|CP022315.1_prot_ASK62981.1_2509,0,1,0,1,0,0,1,0,0,3
1567,38,41,0.599,WP_060777163.1,WP_060778353.1,WP_059348834.1,WP_067980834.1,WP_003141262.1,WP_049720922.1,WP_171566185.1,WP_127017961.1,WP_228485572.1,WP_066328122.1,WP_095443934.1,WP_002296403.1,WP_114524497.1,WP_002329266.1,WP_218255662.1,WP_152403237.1,WP_225442843.1,WP_206600549.1,WP_162645126.1,WP_245625176.1,"QPT06750.1,QQA49215.1",WP_085238399.1,"QQA49215.1,QPT06750.1,SNW03353.1",ASE36536.1,QQA49215.1,WP_126404580.1,WP_005589454.1,WP_018030210.1,WP_120701754.1,WP_019777201.1,WP_012269579.1,WP_012994645.1,WP_049684619.1,WP_013149917.1,WP_012269579.1,lcl|CP017962.1_prot_APC50153.1_445,lcl|CP017962.1_prot_APC50153.1_445,lcl|CP022315.1_prot_ASK61244.1_590,0,2,0,2,0,0,0,1,0,3
1568,38,41,0.522,WP_060776355.1,WP_060777873.1,WP_236747976.1,WP_067977933.1,WP_039935517.1,WP_035065909.1,WP_230077140.1,WP_127016301.1,WP_194519947.1,WP_066323671.1,WP_081135028.1,WP_002287367.1,WP_114525028.1,WP_002293061.1,WP_010745311.1,WP_152402843.1,WP_162358266.1,WP_014652198.1,WP_162644417.1,WP_038695541.1,"QQA47701.1,QPT05510.1",WP_085238104.1,"QQA47701.1,QPT05510.1,SNW01746.1",ASE35883.1,QQA47701.1,WP_126403851.1,WP_005590936.1,WP_018030910.1,WP_120701191.1,WP_109833667.1,WP_009052443.1,WP_012995365.1,WP_049685325.1,WP_013150391.1,WP_009052443.1,lcl|CP017962.1_prot_APC48683.1_2118,lcl|CP017962.1_prot_APC48683.1_2118,lcl|CP022315.1_prot_ASK63548.1_3111,0,0,0,1,1,0,0,1,0,3
1576,38,41,0.493,WP_060776852.1,WP_060778672.1,WP_059349226.1,WP_067978310.1,WP_004262586.1,WP_003397676.1,WP_171567169.1,WP_127018311.1,WP_181557424.1,WP_066322055.1,WP_005880792.1,WP_002288670.1,WP_010782053.1,WP_002288670.1,WP_010747208.1,WP_076176745.1,WP_225442580.1,WP_013921150.1,WP_211676334.1,WP_084065279.1,"QQA49055.1,QPT06628.1",WP_085236878.1,"QQA49055.1,SNW03661.1,QPT06628.1",ASE36675.1,QQA49055.1,WP_006595185.1,WP_005591295.1,WP_018031027.1,WP_006595185.1,WP_109833404.1,WP_003868571.1,WP_012995901.1,WP_049685809.1,WP_012995901.1,WP_003868571.1,lcl|CP017962.1_prot_APC46822.1_137,lcl|CP017962.1_prot_APC46822.1_137,lcl|CP022315.1_prot_ASK61646.1_1032,0,0,0,1,0,1,0,1,0,3
1586,38,41,0.614,WP_060776339.1,WP_060777889.1,WP_059348683.1,WP_067977896.1,WP_004262379.1,WP_009732860.1,WP_171566950.1,WP_127015669.1,WP_194519959.1,WP_066323726.1,WP_081133731.1,WP_002287900.1,WP_114525289.1,WP_002329754.1,WP_218256460.1,WP_152402189.1,WP_162356993.1,WP_013919528.1,WP_162638775.1,WP_038695831.1,"QQA47679.1,QPT05487.1",WP_085238127.1,"QQA47679.1,QPT05487.1,SNW01825.1",ASE35906.1,QQA47679.1,WP_126404585.1,WP_005589501.1,WP_018030216.1,WP_120701751.1,WP_019769113.1,WP_012269373.1,WP_012995312.1,WP_049685287.1,WP_012995312.1,WP_012269373.1,lcl|CP017962.1_prot_APC48660.1_2094,lcl|CP017962.1_prot_APC48660.1_2094,lcl|CP022315.1_prot_ASK63516.1_3077,0,3,0,2,1,0,0,0,0,3
1591,38,41,0.584,WP_060777395.1,WP_060778307.1,WP_173636800.1,WP_067977174.1,WP_167541430.1,WP_035067172.1,WP_212132935.1,WP_127016418.1,WP_194518986.1,WP_066326410.1,WP_081134898.1,WP_002289105.1,WP_010781392.1,WP_002291387.1,WP_218256948.1,WP_145157724.1,WP_162358463.1,WP_014371934.1,WP_162645475.1,WP_038697915.1,"QQA49589.1,QPT07048.1",WP_085236066.1,"QQA49589.1,QPT07048.1,SNW02294.1",ASE36241.1,QQA49589.1,WP_126404987.1,WP_005591463.1,WP_018030455.1,WP_120701463.1,WP_019786658.1,WP_012269285.1,WP_012995101.1,WP_049685096.1,WP_013150241.1,WP_012269285.1,lcl|CP017962.1_prot_APC48168.1_1573,lcl|CP017962.1_prot_APC48168.1_1573,lcl|CP022315.1_prot_ASK63096.1_2630,0,1,0,2,2,0,0,0,0,3
1602,38,41,0.606,WP_060776575.1,WP_060777537.1,WP_059348423.1,WP_067979226.1,WP_061099719.1,WP_035063814.1,WP_212132183.1,WP_127015389.1,WP_194519506.1,WP_066327092.1,WP_081135462.1,WP_002319708.1,WP_114524505.1,WP_002329298.1,WP_218255682.1,WP_152400015.1,WP_162359895.1,WP_041618139.1,WP_162642493.1,WP_038699101.1,"QQA49277.1,QPT06806.1",WP_085236580.1,"QQA49277.1,QPT06806.1,SNW03217.1",AVJ52257.1,QQA49277.1,WP_126404047.1,WP_005590619.1,WP_018029717.1,WP_120702370.1,WP_109833516.1,WP_012269559.1,WP_012994708.1,WP_049684680.1,WP_013149961.1,WP_012269559.1,lcl|CP017962.1_prot_APC47178.1_516,lcl|CP017962.1_prot_APC47178.1_516,lcl|CP022315.1_prot_ASK61169.1_512,0,2,0,5,0,0,0,6,0,3
1636,38,41,0.609,WP_060776995.1,WP_060778050.1,WP_236702831.1,WP_082702129.1,WP_003143456.1,WP_021093895.1,WP_171565452.1,WP_127016442.1,WP_181554545.1,WP_066326431.1,WP_081133755.1,WP_002289812.1,WP_010779587.1,WP_002309786.1,WP_010745298.1,WP_076176979.1,WP_162358479.1,WP_013920081.1,WP_162644186.1,WP_038697947.1,"QQA49687.1,QPT07037.1",WP_206168698.1,"QQA49687.1,QPT07037.1,SNW02259.1",ASE36252.1,QQA49687.1,WP_045760104.1,WP_005591335.1,WP_026162002.1,WP_023024896.1,WP_019791893.1,WP_003868519.1,WP_012995078.1,WP_049685077.1,WP_012995078.1,WP_003868519.1,lcl|CP017962.1_prot_APC48150.1_1555,lcl|CP017962.1_prot_APC48150.1_1555,lcl|CP022315.1_prot_ASK63081.1_2614,0,2,0,1,0,0,1,0,0,3
1644,38,41,0.545,WP_060776849.1,WP_013670083.1,WP_004262569.1,WP_067978317.1,WP_004262569.1,WP_003397671.1,WP_171567167.1,WP_127018094.1,WP_181557427.1,WP_066322059.1,WP_002288664.1,WP_002288664.1,WP_010782056.1,WP_002288664.1,WP_010747210.1,WP_076176743.1,WP_161705093.1,WP_013921153.1,WP_090583239.1,WP_025693031.1,"QQA49052.1,QPT06625.1",WP_085236879.1,"QQA49052.1,SNW03667.1,QPT06625.1",ASE36678.1,QQA49052.1,WP_003002350.1,WP_005591297.1,WP_018031030.1,WP_003002350.1,WP_002959386.1,WP_003868568.1,WP_012995904.1,WP_049685812.1,WP_012995904.1,WP_003868568.1,lcl|CP017962.1_prot_APC46819.1_134,lcl|CP017962.1_prot_APC46819.1_134,lcl|CP022315.1_prot_ASK61649.1_1035,0,1,0,2,0,0,0,3,0,3
1652,38,40,0.622,WP_144428613.1,WP_060777952.1,WP_081484288.1,WP_067979724.1,WP_081453827.1,WP_006323512.1,WP_171566665.1,WP_205665787.1,WP_181554674.1,WP_238583588.1,WP_016177253.1,WP_002293357.1,WP_010747120.1,WP_002293357.1,WP_010747120.1,WP_076173246.1,WP_162360654.1,WP_014649342.1,WP_162643264.1,WP_038694414.1,"QPT07006.1,QQA49549.1",WP_169710753.1,"QPT07006.1,QQA49549.1",ASE36289.1,QQA49549.1,WP_006597373.1,WP_005590591.1,WP_018030074.1,WP_006597373.1,WP_002962761.1,WP_004401900.1,WP_245522878.1,WP_084574221.1,WP_013150518.1,WP_004401900.1,lcl|CP017962.1_prot_APC48064.1_1464,lcl|CP017962.1_prot_APC48064.1_1464,lcl|CP022315.1_prot_ASK64410.1_2532,0,2,0,0,7,0,1,0,0,3
1661,37,40,0.647,WP_060776633.1,WP_013669588.1,WP_003142921.1,WP_067978874.1,WP_003142921.1,WP_003397591.1,WP_171564188.1,*,WP_003397591.1,WP_003397591.1,WP_002293121.1,WP_002293121.1,WP_006703104.1,WP_002293121.1,WP_006703104.1,WP_068778604.1,WP_161743866.1,WP_014372796.1,WP_090574515.1,WP_025337168.1,"QPT06217.1,QQA48529.1",WP_000240855.1,"QPT06217.1,QQA48529.1,SNW04806.1",ASE37352.1,QQA48529.1,WP_003003086.1,WP_000831905.1,WP_002262507.1,WP_003003086.1,WP_002885866.1,WP_003867410.1,WP_012996282.1,WP_049686148.1,WP_012996282.1,WP_003867410.1,lcl|CP017962.1_prot_APC50136.1_3684,lcl|CP017962.1_prot_APC50136.1_3684,lcl|CP022315.1_prot_ASK61764.1_1160,0,0,0,0,0,1,3,1,0,3
1668,38,41,0.624,WP_060776649.1,WP_013669454.1,WP_026465542.1,WP_067978843.1,WP_003142905.1,WP_003397568.1,WP_171563920.1,WP_205665641.1,WP_027408127.1,WP_027408127.1,WP_005875810.1,WP_002288370.1,WP_010742563.1,WP_002288370.1,WP_010747412.1,WP_076172485.1,WP_090649321.1,WP_013921587.1,WP_090649321.1,WP_038699819.1,"QQA48497.1,QPT06243.1",WP_014614919.1,"QQA48497.1,SNW04751.1,QPT06243.1",ASE37377.1,QQA48497.1,WP_000068664.1,WP_000068664.1,WP_018030689.1,WP_000068664.1,WP_002961569.1,WP_003867432.1,WP_012996262.1,WP_049686127.1,WP_013151045.1,WP_003867432.1,lcl|CP017962.1_prot_APC50117.1_3664,lcl|CP017962.1_prot_APC50117.1_3664,lcl|CP022315.1_prot_ASK61784.1_1180,0,2,0,0,3,2,0,0,0,3
1687,38,40,0.574,WP_060777264.1,WP_060778339.1,WP_003140966.1,WP_067980151.1,WP_003140966.1,WP_009361678.1,WP_171565411.1,WP_127016964.1,WP_181554512.1,WP_066326391.1,WP_081134823.1,WP_002290886.1,WP_010781173.1,WP_002290886.1,WP_218257061.1,WP_076169645.1,WP_162358453.1,WP_013920038.1,WP_162644217.1,WP_038694609.1,"QQA49601.1,QPT07059.1",WP_085238386.1,"QQA49601.1,QPT07059.1",ASE36228.1,QQA49601.1,WP_023027379.1,WP_005591497.1,WP_018030477.1,WP_117744821.1,WP_019769159.1,WP_012269295.1,WP_012995109.1,WP_049685106.1,WP_013150247.1,WP_012269295.1,lcl|CP017962.1_prot_APC48179.1_1585,lcl|CP017962.1_prot_APC48179.1_1585,lcl|CP022315.1_prot_ASK63108.1_2642,0,2,2,2,0,0,0,0,0,3
1706,38,41,0.666,WP_060776866.1,WP_013669034.1,WP_004262610.1,WP_067978276.1,WP_004262610.1,WP_003397692.1,WP_171567179.1,WP_127018312.1,WP_181557413.1,WP_004888704.1,WP_002288714.1,WP_002288714.1,WP_010742774.1,WP_002288714.1,WP_010747197.1,WP_009589209.1,WP_090649131.1,WP_013921137.1,WP_090649131.1,WP_025693042.1,"QPT06642.1,QQA49069.1",WP_014613235.1,"QPT06642.1,QQA49069.1,SNW03634.1",ASE36661.1,QQA49069.1,WP_001118385.1,WP_001118385.1,WP_018031016.1,WP_001118385.1,WP_002959353.1,WP_003868585.1,WP_012995889.1,WP_049685796.1,WP_012995889.1,WP_003868585.1,lcl|CP017962.1_prot_APC46837.1_152,lcl|CP017962.1_prot_APC46837.1_152,lcl|CP022315.1_prot_ASK61631.1_1017,0,1,0,4,0,0,0,2,0,3
4888,23,23,0.76,WP_060777379.1,WP_060778290.1,WP_059348906.1,WP_067977185.1,WP_003142712.1,*,WP_212132400.1,*,*,*,WP_095443541.1,WP_002347387.1,WP_114524020.1,WP_047929353.1,WP_218256810.1,WP_152398439.1,WP_162356410.1,*,WP_162639150.1,WP_038697728.1,*,*,*,*,*,WP_126403832.1,WP_005591781.1,WP_018030936.1,WP_120701208.1,WP_019786039.1,*,*,*,*,*,lcl|CP017962.1_prot_APC48231.1_1642,lcl|CP017962.1_prot_APC48231.1_1642,lcl|CP022315.1_prot_ASK63163.1_2700,0,1,0,8,1,0,0,0,0,3
4927,21,21,0.751,*,WP_060777613.1,WP_016896444.1,WP_067978112.1,WP_003142996.1,*,WP_230076905.1,*,*,*,WP_081134502.1,WP_002296405.1,WP_114524948.1,WP_002327859.1,WP_010745468.1,WP_152398514.1,*,*,*,*,QPT06289.1,*,QPT06289.1,ASE37989.1,*,WP_048716527.1,WP_005591819.1,WP_018029550.1,WP_120701689.1,*,*,*,*,*,*,lcl|CP017962.1_prot_APC47060.1_389,lcl|CP017962.1_prot_APC47060.1_389,lcl|CP022315.1_prot_ASK61394.1_762,0,0,0,0,1,1,0,1,0,3
5664,25,25,0.74,*,WP_060778461.1,WP_034258219.1,WP_067977737.1,WP_003141940.1,WP_009373651.1,WP_171564949.1,WP_236777808.1,WP_181555920.1,WP_066325771.1,WP_005876625.1,WP_002289508.1,*,WP_002291069.1,*,WP_116229712.1,WP_162356887.1,WP_014650808.1,WP_162638889.1,WP_038697003.1,*,*,*,*,*,*,*,*,*,*,WP_009052621.1,WP_012994925.1,WP_003870967.1,WP_013150125.1,WP_009052621.1,lcl|CP017962.1_prot_APC48452.1_1881,lcl|CP017962.1_prot_APC48452.1_1881,lcl|CP022315.1_prot_ASK63353.1_2896,0,0,0,2,1,2,0,0,0,3
5866,36,36,0.688,WP_060776271.1,WP_013668894.1,WP_016897455.1,WP_067977507.1,WP_003143083.1,WP_035066251.1,WP_171566323.1,WP_127018145.1,WP_181556505.1,WP_066322818.1,WP_005878429.1,WP_002295135.1,WP_114524206.1,WP_002292817.1,WP_010744521.1,WP_152399640.1,WP_162354980.1,WP_014649068.1,WP_162640751.1,WP_038693000.1,*,WP_085237776.1,SNW00424.1,ASE37814.1,*,WP_006151517.1,WP_005591663.1,WP_018030645.1,WP_048715731.1,WP_019768573.1,WP_003870199.1,WP_012995536.1,WP_049685482.1,WP_013150545.1,WP_003870199.1,lcl|CP017962.1_prot_APC49087.1_2544,lcl|CP017962.1_prot_APC49087.1_2544,lcl|CP022315.1_prot_ASK62757.1_2264,0,1,0,5,0,0,0,1,0,3
8285,33,43,0.115,WP_060776416.1,WP_060777797.1,WP_026466487.1,WP_067979580.1,WP_003143031.1,WP_009361501.1,"WP_171567099.1,WP_171567177.1",WP_127018106.1,"WP_194520192.1,WP_181557415.1",WP_066322033.1,WP_005880991.1,WP_002294533.1,"WP_010780243.1,WP_114523882.1",WP_002292891.1,"WP_010745941.1,WP_218256608.1","WP_076169476.1,WP_094600163.1,WP_152397854.1","WP_162356045.1,WP_162359800.1","WP_014648963.1,WP_016362676.1,WP_013921140.1","WP_162639598.1,WP_162642534.1",WP_038698978.1,*,*,*,*,*,WP_126404415.1,WP_005590582.1,WP_018029496.1,WP_117744377.1,WP_019771792.1,WP_003868581.1,WP_012995891.1,WP_049685800.1,WP_013150798.1,WP_003868581.1,lcl|CP017962.1_prot_APC47407.1_763,lcl|CP017962.1_prot_APC47407.1_763,lcl|CP022315.1_prot_ASK60900.1_215,0,1,0,3,0,0,1,0,0,3
8548,37,38,0.159,WP_060777381.1,WP_060778292.1,WP_026466015.1,WP_067977183.1,WP_003142716.1,WP_009374019.1,WP_171565311.1,WP_127016479.1,WP_181554444.1,WP_066326240.1,WP_005880316.1,WP_002301248.1,WP_010781507.1,WP_047929354.1,WP_245001286.1,WP_152398441.1,WP_162356407.1,WP_014371662.1,WP_162639152.1,WP_038697732.1,QQA49646.1,WP_085235960.1,"SNW02454.1,QQA49646.1",*,QQA49646.1,WP_126403564.1,WP_005591356.1,WP_018031127.1,WP_120701422.1,WP_019786787.1,WP_003867913.1,WP_012995005.1,WP_049684981.1,WP_013150176.1,WP_003867913.1,lcl|CP017962.1_prot_APC48229.1_1640,lcl|CP017962.1_prot_APC48229.1_1640,lcl|CP022315.1_prot_ASK63161.1_2698,0,2,1,1,0,0,0,0,0,3
8583,36,37,0.133,WP_060776356.1,WP_060777872.1,WP_026466388.1,WP_067977935.1,WP_003142455.1,WP_009373573.1,WP_171564293.1,WP_205665771.1,WP_181554982.1,WP_066327238.1,WP_005875143.1,WP_002287365.1,WP_010779599.1,WP_002287365.1,WP_010745310.1,WP_076169934.1,WP_162358269.1,WP_013919588.1,WP_162644413.1,WP_038695537.1,QQA47703.1,WP_019165540.1,"QQA47703.1,SNW01740.1",*,QQA47703.1,WP_126403850.1,WP_005590937.1,WP_018030911.1,WP_006596845.1,WP_002961559.1,WP_003868205.1,WP_012995367.1,*,WP_013150393.1,WP_003868205.1,lcl|CP017962.1_prot_APC48685.1_2120,lcl|CP017962.1_prot_APC48685.1_2120,lcl|CP022315.1_prot_ASK63550.1_3113,0,0,0,3,4,0,0,2,0,3
8624,33,41,0.154,WP_060776532.1,WP_082702889.1,WP_059348409.1,WP_234946626.1,"WP_003142438.1,WP_003143362.1",WP_035066212.1,WP_171564221.1,WP_205665726.1,WP_181556531.1,WP_179946284.1,WP_005880398.1,WP_002289570.1,"WP_010742424.1,WP_114523992.1",WP_002291644.1,WP_218256778.1,WP_089549417.1,"WP_162356575.1,WP_162354959.1",WP_016362227.1,"WP_162639940.1,WP_162640771.1","WP_179944899.1,WP_038692973.1","QPT05808.1,QQA48093.1",WP_085237763.1,"QPT05808.1,QQA48093.1,SNW00331.1",ASE37738.1,QQA48093.1,WP_126404573.1,WP_005589462.1,WP_018030203.1,WP_006595908.1,WP_019769461.1,*,*,*,*,*,lcl|CP017962.1_prot_APC49116.1_2575,lcl|CP017962.1_prot_APC49116.1_2575,lcl|CP022315.1_prot_ASK62739.1_2245,0,1,0,0,1,0,0,1,0,3
8680,30,36,0.175,*,*,*,WP_067978789.1,*,WP_035067580.1,WP_230077836.1,*,WP_228485676.1,WP_066324265.1,*,*,WP_114524534.1,*,WP_218255731.1,"WP_208837106.1,WP_152398724.1",WP_162356238.1,WP_013920437.1,WP_162356238.1,"WP_038694628.1,WP_038693457.1","QQA49224.1,QPT06758.1",WP_085236685.1,"QQA49224.1,SNW03331.1,QPT06758.1","ASE36526.1,ASE37224.1",QQA49224.1,WP_006597056.1,WP_111705384.1,WP_018030787.1,WP_023024956.1,WP_019777533.1,WP_041589940.1,WP_044018436.1,WP_049684254.1,WP_028992523.1,WP_041589940.1,lcl|CP017962.1_prot_APC49250.1_2721,lcl|CP017962.1_prot_APC49250.1_2721,lcl|CP022315.1_prot_ASK63762.1_3346,0,0,0,3,0,0,1,1,0,3
8743,37,42,0.23,WP_060776437.1,WP_060777779.1,WP_026466501.1,WP_067979537.1,WP_003143060.1,WP_009373997.1,WP_171567227.1,*,WP_194518943.1,WP_066326226.1,WP_081135012.1,WP_002287344.1,WP_010782091.1,WP_002287344.1,WP_218256422.1,"WP_076170170.1,WP_208837082.1",WP_162356629.1,WP_013916359.1,WP_162639034.1,"WP_038697327.1,WP_038695060.1","QQA47389.1,QPT05219.1",WP_085235936.1,"QQA47389.1,QPT05219.1,SNW02477.1",ASE36171.1,QQA47389.1,WP_185946466.1,WP_005591282.1,WP_018031083.1,WP_023022055.1,WP_019770029.1,WP_004399780.1,WP_012994466.1,WP_049684462.1,WP_013149778.1,WP_004399780.1,lcl|CP017962.1_prot_APC49014.1_2466,lcl|CP017962.1_prot_APC49014.1_2466,lcl|CP022315.1_prot_ASK62801.1_2309,0,0,0,3,1,0,1,0,0,3
8760,33,43,0.326,*,WP_060778112.1,WP_059349116.1,WP_067978912.1,WP_003142357.1,WP_009361027.1,"WP_171566801.1,WP_171565700.1",WP_127016774.1,"WP_181555325.1,WP_194519073.1",WP_066322482.1,*,*,WP_114525455.1,*,WP_010743628.1,WP_089549627.1,"WP_162355701.1,WP_162360434.1","WP_013916425.1,WP_013916997.1",WP_162645082.1,"WP_038693070.1,WP_038694321.1","QQA49522.1,QPT06981.1",WP_085236184.1,"QQA49522.1,QPT06981.1,SNW02086.1",ASE36314.1,QQA49522.1,WP_126404647.1,WP_005590734.1,WP_018029549.1,WP_023023983.1,*,WP_012269762.1,WP_012994311.1,WP_049684362.1,WP_013149630.1,WP_012269762.1,lcl|CP017962.1_prot_APC47059.1_388,lcl|CP017962.1_prot_APC47059.1_388,"lcl|CP022315.1_prot_ASK62526.1_2007,lcl|CP022315.1_prot_ASK62955.1_2479,lcl|CP022315.1_prot_ASK62548.1_2030",0,1,0,1,0,0,0,1,0,3
8789,37,40,0.165,*,WP_060778110.1,WP_059348561.1,WP_067977209.1,WP_003143000.1,WP_128713026.1,WP_171565548.1,WP_127018019.1,WP_194518840.1,WP_066325984.1,WP_081134026.1,WP_002286883.1,WP_114525392.1,WP_002291394.1,WP_218257505.1,WP_152398315.1,WP_162356750.1,WP_013916444.1,WP_162638965.1,WP_038697161.1,"QPT05352.1,QQA47527.1",WP_085238273.1,"QPT05352.1,QQA47527.1,SNW02753.1",ASE36046.1,QQA47527.1,WP_126404697.1,WP_005590841.1,WP_018030368.1,WP_120701705.1,WP_002963291.1,WP_003866586.1,WP_012995745.1,WP_049685618.1,WP_013150687.1,WP_003866586.1,lcl|CP017962.1_prot_APC48387.1_1813,lcl|CP017962.1_prot_APC48387.1_1813,lcl|CP022315.1_prot_ASK63294.1_2834,0,1,0,0,1,0,1,0,0,3
8796,35,42,0.138,WP_060777004.1,WP_013669817.1,WP_236747949.1,WP_067979489.1,WP_106427305.1,"WP_035066723.1,WP_009362724.1",WP_230076633.1,WP_127017827.1,WP_194518935.1,WP_066326211.1,WP_005880407.1,WP_002289490.1,WP_010781550.1,WP_002289490.1,WP_010746710.1,WP_145160147.1,"WP_162360607.1,WP_162360603.1",WP_013915025.1,"WP_162645442.1,WP_162643932.1",WP_038694887.1,QQA47397.1,WP_085235918.1,QQA47397.1,*,QQA47397.1,WP_126404058.1,WP_005591940.1,"WP_018029737.1,WP_018030440.1",WP_023022840.1,WP_002961527.1,WP_012268757.1,"WP_012995456.1,WP_012994724.1","WP_049685400.1,WP_049684701.1","WP_012995456.1,WP_013149983.1",WP_012268757.1,*,*,lcl|CP022315.1_prot_ASK63186.1_2723,0,0,0,7,0,0,1,1,0,3
8798,22,25,0.217,WP_060776904.1,WP_060778591.1,WP_048728971.1,WP_067979626.1,WP_039935443.1,*,WP_230077361.1,WP_127017695.1,*,*,WP_081134870.1,WP_002286214.1,WP_114525001.1,WP_002291329.1,WP_010745357.1,*,WP_162358413.1,*,WP_162644259.1,*,"QQA49360.1,QPT06885.1",WP_085236407.1,"QQA49360.1,QPT06885.1,SNW03063.1",ASE36408.1,QQA49360.1,*,*,*,*,*,*,*,*,*,*,lcl|CP017962.1_prot_APC47425.1_781,lcl|CP017962.1_prot_APC47425.1_781,lcl|CP022315.1_prot_ASK60878.1_192,0,2,0,2,0,1,0,0,0,3
8832,29,33,0.371,WP_060777255.1,WP_060778346.1,WP_026466064.1,WP_067977706.1,WP_003142643.1,*,WP_171564318.1,*,WP_194520606.1,WP_066324147.1,WP_005875469.1,WP_002292560.1,"WP_010779421.1,WP_010779236.1",WP_002329636.1,WP_070509440.1,*,*,WP_014653127.1,*,*,"QQA47600.1,QPT05426.1",WP_085238199.1,"SNW02028.1,QQA47600.1,QPT05426.1",ASE35968.1,QQA47600.1,WP_048716194.1,WP_005590122.1,*,WP_023023547.1,*,WP_012269053.1,WP_012995764.1,*,WP_013150704.1,WP_012269053.1,lcl|CP017962.1_prot_APC47743.1_1125,lcl|CP017962.1_prot_APC47743.1_1125,lcl|CP022315.1_prot_ASK62600.1_2083,0,1,0,0,2,0,0,1,0,3
8849,32,33,0.147,WP_060776487.1,WP_060777685.1,WP_059348402.1,WP_067979136.1,WP_003143375.1,WP_009373981.1,WP_230077680.1,WP_236777839.1,WP_194518940.1,WP_066326218.1,WP_005880413.1,WP_002296590.1,WP_010781554.1,WP_002292759.1,WP_010746713.1,WP_145135746.1,WP_162358728.1,*,WP_162643930.1,WP_038695862.1,QPT05362.1,*,QPT05362.1,ASE36036.1,*,WP_061563816.1,WP_005590256.1,"WP_018029734.1,WP_018030438.1",WP_023022836.1,WP_002961536.1,WP_003867944.1,WP_012995458.1,WP_049685402.1,*,WP_003867944.1,*,*,lcl|CP022315.1_prot_ASK63184.1_2721,0,1,0,2,2,0,0,0,0,3
8851,37,45,0.327,WP_060777114.1,WP_060778126.1,WP_026465890.1,WP_067980176.1,WP_003142521.1,WP_035064035.1,"WP_171564694.1,WP_171566141.1","WP_127018157.1,WP_127016744.1",WP_181555084.1,WP_066323449.1,WP_005875702.1,WP_002287948.1,WP_010781605.1,WP_002310218.1,WP_218256743.1,WP_076168017.1,"WP_162357192.1,WP_162356937.1","WP_013919431.1,WP_013916227.1","WP_162638614.1,WP_162638846.1",WP_038696634.1,"QQA47811.1,QPT05598.1",WP_085237989.1,"SNW01418.1,QQA47811.1,QPT05598.1",*,QQA47811.1,WP_126404879.1,WP_005591177.1,WP_018030652.1,WP_023027298.1,WP_109833431.1,WP_012268710.1,WP_038002071.1,WP_049685109.1,WP_038002071.1,WP_012268710.1,lcl|CP017962.1_prot_APC48775.1_2215,lcl|CP017962.1_prot_APC48775.1_2215,lcl|CP022315.1_prot_ASK63638.1_3209,0,0,1,1,0,0,0,3,0,3
8858,32,35,0.163,WP_060777377.1,WP_060778288.1,WP_059348904.1,WP_067977187.1,WP_003142710.1,WP_035066842.1,WP_230076822.1,*,WP_194518857.1,WP_066326040.1,WP_081133497.1,WP_002295809.1,WP_114524395.1,WP_002313806.1,WP_218257288.1,WP_152398147.1,WP_162358113.1,WP_041618658.1,WP_225446601.1,WP_038696480.1,"QQA47443.1,QPT07115.1",WP_085238352.1,"QQA47443.1,QPT07115.1,SNW02576.1",ASE36128.1,QQA47443.1,WP_126404096.1,WP_005590506.1,WP_018029567.1,WP_120702027.1,WP_002962358.1,*,*,*,*,*,lcl|CP017962.1_prot_APC48366.1_1789,lcl|CP017962.1_prot_APC48366.1_1789,lcl|CP022315.1_prot_ASK63269.1_2809,0,0,0,1,2,0,0,1,0,3
8864,35,37,0.153,*,*,WP_059349020.1,WP_067980459.1,WP_003143447.1,WP_035066770.1,WP_212132358.1,WP_127017535.1,WP_181555996.1,WP_066326184.1,WP_081134047.1,WP_002289138.1,WP_010780757.1,WP_002329282.1,WP_010744849.1,WP_244364455.1,WP_225442475.1,WP_013917624.1,WP_162644341.1,WP_052098389.1,"QPT07114.1,QQA47408.1",WP_085235891.1,"QPT07114.1,QQA47408.1",ASE36154.1,QQA47408.1,WP_126404385.1,WP_005589841.1,WP_018030060.1,WP_023026960.1,WP_002962770.1,WP_012269303.1,WP_012995135.1,WP_049685130.1,WP_012995135.1,WP_012269303.1,lcl|CP017962.1_prot_APC49102.1_2559,lcl|CP017962.1_prot_APC49102.1_2559,*,0,1,0,1,0,0,1,0,0,3
8871,36,39,0.228,*,WP_060777850.1,WP_026466245.1,WP_067977770.1,WP_003143832.1,WP_009361590.1,WP_171567386.1,*,WP_181554766.1,WP_066327763.1,WP_081134147.1,WP_002285969.1,WP_114524822.1,WP_002292270.1,WP_060789408.1,WP_152401329.1,WP_162358432.1,WP_014650127.1,WP_162644238.1,WP_052098354.1,"QPT06938.1,QQA49473.1",WP_085236267.1,"SNW02957.1,QPT06938.1,QQA49473.1",ASE36355.1,QQA49473.1,WP_126404842.1,WP_005591875.1,WP_018030304.1,WP_120701607.1,WP_109833629.1,WP_004404565.1,WP_012994224.1,WP_049684282.1,WP_013149569.1,WP_004404565.1,lcl|CP017962.1_prot_APC47975.1_1370,lcl|CP017962.1_prot_APC47975.1_1370,lcl|CP022315.1_prot_ASK62911.1_2432,0,0,0,2,2,0,0,1,0,3
8873,28,31,0.413,WP_060777429.1,WP_060777840.1,WP_059348585.1,WP_067978027.1,WP_060779381.1,WP_035065919.1,WP_171564292.1,WP_127016308.1,WP_181554981.1,WP_066323669.1,*,*,*,*,*,WP_152398375.1,WP_162358267.1,WP_014652199.1,WP_162644415.1,WP_038695539.1,"QQA47702.1,QPT05511.1",WP_085238103.1,"SNW01743.1,QPT05511.1,QQA47702.1",ASE35882.1,QQA47702.1,*,*,*,*,*,WP_003868206.1,WP_012995366.1,WP_049685326.1,WP_013150392.1,WP_003868206.1,lcl|CP017962.1_prot_APC48684.1_2119,lcl|CP017962.1_prot_APC48684.1_2119,lcl|CP022315.1_prot_ASK63549.1_3112,0,2,0,1,0,0,0,2,0,3
8879,27,30,0.234,*,*,*,*,*,WP_009361773.1,WP_171564918.1,*,WP_181554610.1,WP_066326548.1,*,*,WP_114524817.1,*,WP_060789419.1,WP_152398256.1,WP_162358238.1,WP_014371533.1,WP_162644466.1,WP_038696966.1,"QPT06752.1,QQA49668.1",WP_085236700.1,"QPT06752.1,QQA49668.1,SNW03345.1",ASE36533.1,QQA49668.1,*,WP_005590289.1,WP_018029467.1,*,WP_019768698.1,WP_003867393.1,WP_012994197.1,WP_049684252.1,WP_012994197.1,WP_003867393.1,lcl|CP017962.1_prot_APC49243.1_2714,lcl|CP017962.1_prot_APC49243.1_2714,lcl|CP022315.1_prot_ASK63750.1_3334,0,0,0,4,1,0,0,2,0,3
8882,27,30,0.225,*,WP_060778499.1,WP_059348728.1,WP_067977857.1,WP_003141785.1,*,WP_212131933.1,*,*,*,WP_081134044.1,WP_238788613.1,WP_114525408.1,WP_002291409.1,WP_218257536.1,WP_152398366.1,WP_162357274.1,WP_013919564.1,WP_162638494.1,WP_038695381.1,"QQA47543.1,QPT05370.1",WP_085238258.1,"QQA47543.1,SNW02781.1,QPT05370.1",ASE36021.1,QQA47543.1,WP_126403879.1,WP_005590087.1,*,WP_120701165.1,WP_109833563.1,*,*,*,*,*,lcl|CP017962.1_prot_APC48856.1_2296,lcl|CP017962.1_prot_APC48856.1_2296,lcl|CP022315.1_prot_ASK63276.1_2816,0,2,0,1,1,0,0,0,0,3
8892,37,43,0.21,"WP_060776745.1,WP_060776247.1","WP_060777656.1,WP_060778358.1",WP_059348567.1,*,"WP_003142079.1,WP_003142987.1",WP_009360741.1,WP_230077693.1,WP_127017608.1,WP_194519500.1,WP_066322915.1,WP_005876456.1,WP_002288023.1,WP_086303735.1,WP_219273580.1,WP_218255625.1,WP_152399223.1,WP_162355380.1,WP_013920978.1,WP_162640298.1,WP_038693566.1,"QQA49274.1,QPT06803.1",WP_085236586.1,"QQA49274.1,SNW03225.1,QPT06803.1",ASE36471.1,QQA49274.1,WP_126403580.1,WP_005591345.1,WP_018031145.1,WP_120701411.1,WP_109833399.1,WP_003866780.1,WP_012995220.1,WP_049685208.1,WP_012995220.1,WP_003866780.1,lcl|CP017962.1_prot_APC47163.1_501,lcl|CP017962.1_prot_APC47163.1_501,lcl|CP022315.1_prot_ASK61183.1_526,0,3,0,4,2,0,0,0,0,3
8938,38,42,0.239,WP_060776809.1,WP_060778715.1,WP_026465845.1,WP_067978471.1,WP_003142235.1,WP_019416575.1,WP_212132405.1,WP_127016381.1,WP_194519481.1,WP_066328112.1,WP_005875355.1,WP_002293424.1,WP_010782018.1,WP_002293424.1,WP_010747172.1,WP_152399253.1,WP_162355352.1,WP_014649234.1,"WP_162640331.1,WP_162643592.1",WP_038693473.1,"QPT06736.1,QQA49201.1",WP_085236733.1,"QPT06736.1,QQA49201.1,SNW03383.1",ASE36550.1,QQA49201.1,WP_126403967.1,WP_005589562.1,WP_018029422.1,WP_023026556.1,WP_019777221.1,WP_009052136.1,WP_012996116.1,WP_049685983.1,WP_013150947.1,WP_009052136.1,lcl|CP017962.1_prot_APC46997.1_322,lcl|CP017962.1_prot_APC46997.1_322,lcl|CP022315.1_prot_ASK64286.1_827,0,1,0,2,0,0,0,1,0,3
8959,36,39,0.146,WP_060776824.1,WP_060778693.1,WP_026465821.1,WP_067978407.1,WP_003143123.1,WP_009360773.1,WP_171567201.1,WP_127017921.1,WP_181557410.1,WP_066322196.1,WP_005875136.1,WP_002287347.1,WP_010782088.1,WP_002287347.1,WP_010747250.1,WP_105442434.1,*,WP_041617248.1,*,WP_038692838.1,"QQA48377.1,QPT06366.1",WP_085237518.1,"QQA48377.1,SNV98764.1,QPT06366.1",ASE37461.1,QQA48377.1,WP_006595312.1,WP_005591360.1,WP_018031125.1,WP_120701427.1,WP_002959627.1,WP_012268902.1,WP_012996139.1,WP_049686004.1,WP_013150961.1,WP_012268902.1,lcl|CP017962.1_prot_APC46753.1_67,lcl|CP017962.1_prot_APC46753.1_67,lcl|CP022315.1_prot_ASK61710.1_1103,0,4,0,1,0,0,0,1,0,3
8964,22,23,0.326,*,WP_060777620.1,WP_059348529.1,"WP_067977272.1,WP_067980211.1",WP_003140820.1,WP_019416591.1,WP_171563905.1,WP_127017650.1,WP_194519381.1,WP_066326993.1,*,*,WP_114524886.1,*,WP_028020526.1,*,WP_162355852.1,WP_014649194.1,WP_162643440.1,*,*,*,*,*,*,*,*,*,*,*,WP_012269570.1,WP_012994679.1,WP_049684654.1,WP_013149941.1,WP_012269570.1,lcl|CP017962.1_prot_APC50124.1_3672,lcl|CP017962.1_prot_APC50124.1_3672,lcl|CP022315.1_prot_ASK61776.1_1172,0,1,0,2,1,0,0,0,0,3
9026,31,34,0.506,WP_082632779.1,WP_230080678.1,*,*,WP_003142093.1,WP_019418101.1,WP_171565279.1,WP_127017589.1,WP_194519502.1,WP_066322918.1,WP_081133438.1,WP_002299012.1,WP_114524483.1,WP_142666971.1,WP_218255617.1,WP_152399221.1,WP_162355383.1,WP_013920974.1,WP_162640294.1,WP_038693574.1,"QQA47829.1,QPT05615.1",WP_085237973.1,"QQA47829.1,QPT05615.1,SNW01368.1",ASE35773.1,QQA47829.1,*,*,*,*,*,WP_012269567.1,WP_012994693.1,WP_049684667.1,WP_013149949.1,WP_012269567.1,lcl|CP017962.1_prot_APC47167.1_505,lcl|CP017962.1_prot_APC47167.1_505,lcl|CP022315.1_prot_ASK61179.1_522,0,0,0,2,0,1,0,1,0,3
9038,32,33,0.331,WP_060776498.1,WP_060779097.1,WP_003140773.1,WP_067978770.1,WP_003140773.1,WP_009362653.1,WP_230076989.1,WP_127017915.1,WP_181557153.1,WP_066324064.1,WP_005875723.1,WP_002287002.1,WP_010744471.1,WP_002290339.1,WP_010744471.1,WP_076171220.1,WP_162358177.1,WP_013916631.1,WP_162644588.1,WP_019910684.1,QQA47591.1,WP_085238206.1,"QQA47591.1,SNW02055.1",*,QQA47591.1,WP_126404881.1,WP_005591665.1,WP_026161965.1,WP_023024490.1,WP_002959324.1,*,*,*,*,*,lcl|CP017962.1_prot_APC48544.1_1976,lcl|CP017962.1_prot_APC48544.1_1976,lcl|CP022315.1_prot_ASK63447.1_2999,0,0,0,1,1,0,0,1,0,3
10327,37,39,0.106,*,WP_060777962.1,WP_048726825.1,WP_200778304.1,WP_039934821.1,WP_035064979.1,WP_230077251.1,WP_127015451.1,WP_194519830.1,WP_066323299.1,WP_005879009.1,WP_002294562.1,WP_114524088.1,WP_002315659.1,WP_218256964.1,WP_152400810.1,WP_162359081.1,WP_014652666.1,WP_162643345.1,WP_038694666.1,"QPT07132.1,QQA47961.1",WP_085237904.1,"QPT07132.1,QQA47961.1",ASE37939.1,QQA47961.1,WP_126404203.1,WP_005590378.1,WP_018029833.1,WP_023026786.1,WP_019777079.1,WP_012269142.1,WP_012995566.1,WP_049685503.1,WP_013150554.1,WP_012269142.1,lcl|CP017962.1_prot_APC47525.1_887,lcl|CP017962.1_prot_APC47525.1_887,lcl|CP022315.1_prot_ASK64242.1_98,0,0,0,7,0,2,0,3,0,3
10397,34,37,0.142,WP_060776490.1,WP_060777682.1,WP_059348400.1,WP_143236692.1,WP_004262800.1,WP_035065361.1,WP_230076632.1,WP_127017808.1,WP_194519064.1,WP_066327601.1,WP_095443513.1,WP_002303966.1,WP_114524611.1,WP_137202921.1,WP_218255919.1,WP_152400985.1,WP_162358938.1,WP_014649945.1,WP_162643536.1,WP_038694883.1,"QPT06996.1,QQA49538.1",WP_085236156.1,"QPT06996.1,QQA49538.1,SNW02143.1",ASE36298.1,QQA49538.1,*,*,WP_051048380.1,*,*,WP_012269190.1,WP_012995461.1,WP_049685406.1,WP_013150467.1,WP_012269190.1,lcl|CP017962.1_prot_APC48053.1_1452,lcl|CP017962.1_prot_APC48053.1_1452,lcl|CP022315.1_prot_ASK62991.1_2520,0,0,1,2,0,0,0,1,0,3
10398,24,31,0.102,*,*,WP_059348805.1,*,WP_039935484.1,WP_009361780.1,WP_230076843.1,*,WP_194519029.1,WP_066326563.1,*,*,WP_114524064.1,*,WP_218256905.1,WP_152398589.1,*,WP_014650147.1,*,WP_038697955.1,"QQA49476.1,QPT06941.1",WP_085236262.1,"QQA49476.1,QPT06941.1,SNW02951.1",ASE36352.1,QQA49476.1,*,*,*,*,*,WP_012269429.1,WP_012994955.1,WP_049684940.1,WP_013150144.1,WP_012269429.1,"lcl|CP017962.1_prot_APC49256.1_2727,lcl|CP017962.1_prot_APC47377.1_729","lcl|CP017962.1_prot_APC49256.1_2727,lcl|CP017962.1_prot_APC47377.1_729","lcl|CP022315.1_prot_ASK62334.1_1787,lcl|CP022315.1_prot_ASK62700.1_2204,lcl|CP022315.1_prot_ASK60938.1_254",0,1,0,1,0,1,0,0,0,3
10457,30,36,0.183,*,*,WP_059348461.1,*,WP_003141543.1,WP_035067820.1,WP_171567566.1,WP_127018212.1,WP_181557400.1,WP_066322147.1,WP_095443631.1,*,WP_114525479.1,*,WP_218257609.1,WP_152399692.1,WP_162354793.1,WP_013921206.1,WP_162640924.1,WP_038692868.1,"QPT05852.1,QQA48140.1",WP_085237718.1,"QPT05852.1,QQA48140.1,SNW00029.1",ASE37691.1,QQA48140.1,*,WP_005590815.1,WP_018029359.1,*,*,WP_003867685.1,WP_012995421.1,WP_003867685.1,WP_013150439.1,WP_003867685.1,"lcl|CP017962.1_prot_APC47271.1_612,lcl|CP017962.1_prot_APC46995.1_320","lcl|CP017962.1_prot_APC47271.1_612,lcl|CP017962.1_prot_APC46995.1_320","lcl|CP022315.1_prot_ASK61038.1_363,lcl|CP022315.1_prot_ASK61455.1_829",0,0,0,2,1,0,0,1,0,3
10466,32,38,0.213,*,WP_060777814.1,WP_059348569.1,WP_067978095.1,WP_003142985.1,WP_019418459.1,WP_171564693.1,WP_127015754.1,WP_181554877.1,WP_066323948.1,WP_081134028.1,WP_002286879.1,WP_114525387.1,WP_002291396.1,WP_070509423.1,WP_152402284.1,WP_162357191.1,WP_014652145.1,WP_162638616.1,WP_038696636.1,"QQA47532.1,QPT05356.1",WP_085238268.1,"QQA47532.1,QPT05356.1,SNW02763.1",ASE36041.1,QQA47532.1,WP_126404217.1,WP_005590358.1,WP_018029800.1,WP_023023195.1,WP_109833598.1,*,*,*,*,*,"lcl|CP017962.1_prot_APC50035.1_3570,lcl|CP017962.1_prot_APC48578.1_2010","lcl|CP017962.1_prot_APC50035.1_3570,lcl|CP017962.1_prot_APC48578.1_2010","lcl|CP022315.1_prot_ASK64435.1_3031,lcl|CP022315.1_prot_ASK63798.1_3383",0,2,0,1,1,0,0,0,0,3
10539,22,25,0.148,*,*,*,*,*,WP_081957673.1,WP_230077415.1,*,WP_194519779.1,WP_084256201.1,*,*,*,*,*,WP_152398455.1,WP_225442747.1,WP_014652291.1,WP_225446377.1,WP_038697762.1,"QPT05705.1,QQA47993.1",WP_085237870.1,"QPT05705.1,QQA47993.1,SNW01050.1",ASE37909.1,QQA47993.1,*,*,*,*,*,WP_009051917.1,WP_012994383.1,WP_049684399.1,WP_013149724.1,WP_009051917.1,lcl|CP017962.1_prot_APC47467.1_824,lcl|CP017962.1_prot_APC47467.1_824,lcl|CP022315.1_prot_ASK60838.1_150,0,0,0,1,0,1,0,1,0,3
10561,30,34,0.262,WP_060776244.1,WP_060777994.1,*,WP_067979844.1,*,WP_035065982.1,WP_230077170.1,*,WP_194519928.1,WP_066323574.1,WP_081133892.1,WP_049143629.1,WP_114524709.1,WP_002329024.1,WP_218256104.1,"WP_152398421.1,WP_152397786.1",WP_162356485.1,WP_241484325.1,WP_162639110.1,WP_038697648.1,"QQA47737.1,QPT05537.1",WP_085238064.1,"QQA47737.1,QPT05537.1,SNW01626.1",ASE35855.1,QQA47737.1,WP_126403835.1,WP_005591836.1,WP_018030930.1,WP_120701205.1,WP_109833442.1,*,*,*,*,*,lcl|CP017962.1_prot_APC48722.1_2159,lcl|CP017962.1_prot_APC48722.1_2159,lcl|CP022315.1_prot_ASK63587.1_3152,0,1,0,2,0,1,0,0,0,3
10625,27,30,0.387,WP_060776382.1,WP_060777841.1,WP_059348586.1,WP_067978024.1,WP_039935126.1,WP_009362602.1,*,*,WP_181555081.1,WP_066323452.1,WP_081133766.1,WP_002289284.1,WP_010782078.1,WP_002293455.1,WP_218256435.1,*,*,*,*,WP_038700056.1,"QQA47808.1,QPT05595.1",WP_085237992.1,"QQA47808.1,QPT05595.1,SNW01424.1",ASE35794.1,QQA47808.1,WP_048688441.1,WP_005591873.1,WP_018030860.1,WP_120701606.1,WP_019777255.1,*,*,*,*,*,lcl|CP017962.1_prot_APC48772.1_2212,lcl|CP017962.1_prot_APC48772.1_2212,lcl|CP022315.1_prot_ASK63636.1_3207,0,1,0,1,0,0,1,0,0,3
10637,23,26,0.501,*,*,*,*,*,WP_009362284.1,WP_029098168.1,WP_127015616.1,WP_181556500.1,WP_066322822.1,*,*,*,*,*,WP_076173152.1,WP_162354987.1,WP_013914031.1,WP_162640743.1,WP_038693004.1,"QQA48076.1,QPT05791.1",WP_085237780.1,"QQA48076.1,SNW00452.1,QPT05791.1",ASE37819.1,QQA48076.1,*,*,*,*,*,WP_009053021.1,WP_012995532.1,WP_049685478.1,WP_013150541.1,WP_009053021.1,lcl|CP017962.1_prot_APC49079.1_2536,lcl|CP017962.1_prot_APC49079.1_2536,lcl|CP022315.1_prot_ASK62764.1_2272,0,0,1,1,0,0,0,1,0,3
10676,31,32,0.222,*,*,WP_059348460.1,*,WP_003141541.1,WP_026011656.1,WP_171564975.1,WP_127016525.1,WP_194520554.1,WP_066325825.1,WP_081134184.1,*,*,*,WP_218257674.1,WP_152398295.1,WP_162356853.1,WP_013916513.1,WP_162638910.1,WP_038697032.1,QQA48834.1,WP_085237073.1,"QQA48834.1,SNW04349.1",ASE36024.1,QQA48834.1,WP_126404477.1,*,WP_018029358.1,WP_120701795.1,WP_019775114.1,WP_012269209.1,WP_012995422.1,WP_049685378.1,WP_013150440.1,WP_012269209.1,lcl|CP017962.1_prot_APC46996.1_321,lcl|CP017962.1_prot_APC46996.1_321,lcl|CP022315.1_prot_ASK61454.1_828,0,2,0,1,0,0,0,4,0,3
10680,30,33,0.522,*,WP_060778714.1,WP_016897826.1,WP_067978469.1,WP_003142232.1,WP_009362372.1,WP_171564712.1,*,WP_194519484.1,WP_066328115.1,WP_005875359.1,*,WP_162787366.1,WP_002293419.1,WP_218256469.1,WP_208837071.1,WP_162356227.1,WP_013915333.1,WP_162639400.1,WP_179944924.1,"QQA49203.1,QPT06738.1",WP_085236728.1,"QQA49203.1,QPT06738.1,SNW03379.1",ASE36548.1,QQA49203.1,WP_126403975.1,WP_005590675.1,WP_018029427.1,WP_023022644.1,WP_109833487.1,*,*,*,*,*,lcl|CP017962.1_prot_APC47097.1_429,lcl|CP017962.1_prot_APC47097.1_429,lcl|CP022315.1_prot_ASK61259.1_608,0,1,0,1,2,0,0,0,0,3
10686,26,28,0.424,*,*,WP_059349005.1,WP_067980033.1,WP_106427330.1,WP_026011623.1,WP_212133605.1,*,WP_194519173.1,WP_066322858.1,WP_081135774.1,WP_002287155.1,WP_114523949.1,WP_002328965.1,WP_218256705.1,WP_152400964.1,WP_162356167.1,WP_014649847.1,WP_162639466.1,WP_038694807.1,"QQA48037.1,QPT05744.1",WP_085237837.1,"QQA48037.1,QPT05744.1",ASE37871.1,QQA48037.1,*,*,WP_018029352.1,*,*,*,*,*,*,*,lcl|CP017962.1_prot_APC48941.1_2388,lcl|CP017962.1_prot_APC48941.1_2388,lcl|CP022315.1_prot_ASK62830.1_2341,0,2,0,1,0,0,0,2,0,3
10696,35,36,0.467,WP_060777462.1,WP_060778661.1,WP_059349221.1,WP_067978264.1,WP_004262624.1,WP_035066566.1,WP_171567184.1,*,WP_194519423.1,WP_066322022.1,WP_081133719.1,WP_002288727.1,WP_114525280.1,WP_002329759.1,WP_218256453.1,WP_152400031.1,WP_162359795.1,WP_014653003.1,WP_162642537.1,WP_038698972.1,QQA49075.1,WP_085236862.1,"QQA49075.1,SNW03623.1",*,QQA49075.1,WP_126403763.1,WP_005591721.1,WP_018030797.1,WP_120701284.1,WP_109833410.1,WP_003868592.1,WP_211204209.1,*,WP_028991956.1,WP_003868592.1,lcl|CP017962.1_prot_APC46843.1_158,lcl|CP017962.1_prot_APC46843.1_158,lcl|CP022315.1_prot_ASK61625.1_1011,0,2,0,1,0,0,2,0,0,3
10701,23,23,0.318,WP_060776120.1,WP_060778201.1,WP_059348804.1,WP_067977245.1,WP_003142424.1,*,*,*,*,*,*,*,WP_114525095.1,*,WP_010745160.1,*,WP_225442468.1,WP_014649547.1,WP_225446260.1,*,QPT06028.1,*,QPT06028.1,ASE37060.1,*,WP_232011428.1,WP_005591531.1,WP_018029996.1,WP_227877770.1,WP_002998040.1,WP_012269207.1,*,*,*,WP_012269207.1,lcl|CP017962.1_prot_APC47083.1_414,lcl|CP017962.1_prot_APC47083.1_414,lcl|CP022315.1_prot_ASK61275.1_625,0,1,0,2,0,0,0,1,0,3
10702,26,29,0.664,WP_060777030.1,WP_013669487.1,WP_016897704.1,WP_067979749.1,WP_003141389.1,WP_009362179.1,*,*,WP_181555785.1,WP_066323285.1,WP_005877288.1,WP_002296384.1,WP_010781381.1,WP_002296384.1,WP_010739854.1,*,*,*,*,*,"QPT05683.1,QQA47973.1",WP_085237888.1,"QPT05683.1,QQA47973.1,SNW01121.1",ASE37930.1,QQA47973.1,WP_040803090.1,WP_005590248.1,WP_018029729.1,WP_040803090.1,WP_002959644.1,*,*,*,*,*,lcl|CP017962.1_prot_APC47517.1_878,lcl|CP017962.1_prot_APC47517.1_878,lcl|CP022315.1_prot_ASK60799.1_107,0,1,0,0,5,0,1,0,0,3
11490,21,23,0.2,WP_060777261.1,WP_060778341.1,*,WP_067978208.1,*,WP_009361227.1,*,*,WP_181556832.1,WP_066325284.1,WP_005880658.1,WP_002321201.1,WP_086304762.1,WP_002316577.1,WP_218257673.1,WP_244364777.1,*,WP_013917375.1,*,WP_038693159.1,"QPT06509.1,QQA48977.1",*,"QPT06509.1,QQA48977.1",*,QQA48977.1,WP_126404285.1,WP_005589763.1,*,WP_120701915.1,WP_002959976.1,*,*,*,*,*,*,*,*,0,0,0,1,1,0,1,0,0,3
11516,32,42,0.192,WP_060776529.1,WP_082702888.1,WP_051218133.1,WP_067980891.1,WP_081453839.1,WP_009362298.1,WP_171566341.1,*,WP_181556515.1,WP_066322808.1,WP_005880357.1,WP_002296150.1,WP_086305533.1,WP_142666904.1,WP_010746684.1,"WP_105445122.1,WP_145142445.1","WP_162354970.1,WP_162355312.1","WP_013914012.1,WP_014372295.1","WP_162640760.1,WP_162640368.1","WP_038692985.1,WP_038698796.1","QPT05805.1,QQA48090.1",WP_085237766.1,"SNW00344.1,QPT05805.1,QQA48090.1,SNW02310.1",ASE37741.1,QQA48090.1,WP_126403840.1,WP_005592292.1,WP_018030923.1,"WP_120701199.1,WP_120701629.1",WP_002959839.1,*,*,*,*,*,lcl|CP017962.1_prot_APC49108.1_2567,lcl|CP017962.1_prot_APC49108.1_2567,lcl|CP022315.1_prot_ASK62746.1_2252,0,0,0,4,0,1,0,1,0,3
11570,20,21,0.114,WP_060776625.1,*,WP_051218186.1,WP_082702048.1,WP_106427309.1,WP_240483416.1,*,*,*,*,WP_005878087.1,WP_002288081.1,WP_010779884.1,WP_002292348.1,WP_060789075.1,*,*,*,WP_162645895.1,WP_038693263.1,QQA48713.1,*,"SNW04595.1,QQA48713.1",*,QQA48713.1,WP_126403621.1,WP_111705368.1,WP_018030484.1,WP_023024974.1,WP_002960525.1,*,*,*,*,*,*,*,*,0,2,0,0,0,0,1,1,0,3
11598,22,23,0.173,*,WP_060778178.1,WP_059348840.1,WP_067977454.1,WP_003141277.1,WP_035063875.1,*,*,WP_194519130.1,WP_066327967.1,*,*,WP_114524273.1,*,WP_218257199.1,WP_152398114.1,WP_162358334.1,WP_014370077.1,"WP_162644324.1,WP_162638820.1",WP_038696425.1,*,*,*,*,*,WP_126404014.1,WP_005589597.1,WP_018029510.1,WP_120702145.1,WP_109833602.1,*,*,WP_049685056.1,*,*,lcl|CP017962.1_prot_APC47576.1_944,lcl|CP017962.1_prot_APC47576.1_944,*,0,1,0,2,0,1,0,0,0,3
11617,23,23,0.353,WP_060776210.1,WP_013669318.1,WP_059348828.1,WP_067978984.1,WP_003142339.1,*,WP_212132416.1,*,*,*,WP_095443567.1,WP_002300438.1,WP_010781139.1,WP_002292852.1,WP_218257076.1,*,*,WP_014651697.1,*,*,QQA48452.1,*,QQA48452.1,*,QQA48452.1,WP_126403742.1,WP_005590388.1,WP_018029842.1,WP_120701304.1,WP_002963247.1,*,*,*,*,*,lcl|CP017962.1_prot_APC49269.1_2743,lcl|CP017962.1_prot_APC49269.1_2743,lcl|CP022315.1_prot_ASK64018.1_3627,0,2,1,1,0,0,0,0,0,3
11637,31,32,0.607,WP_060777182.1,WP_060778165.1,WP_026466007.1,*,WP_003142736.1,WP_009373564.1,*,WP_127016336.1,WP_181554990.1,WP_066323641.1,WP_095443852.1,WP_002288880.1,WP_114524419.1,WP_002309316.1,WP_218255496.1,*,*,*,*,WP_084065102.1,QQA47709.1,WP_085238091.1,"QQA47709.1,SNW01711.1",*,QQA47709.1,WP_126404168.1,WP_005589644.1,WP_018029673.1,WP_120701979.1,WP_019773533.1,WP_012269397.1,WP_012995383.1,WP_049685340.1,WP_013150407.1,WP_012269397.1,lcl|CP017962.1_prot_APC50247.1_2129,lcl|CP017962.1_prot_APC50247.1_2129,lcl|CP022315.1_prot_ASK63559.1_3123,0,1,0,0,2,0,2,0,0,3
12248,20,23,0.319,*,WP_060777504.1,WP_059134028.1,WP_067978930.1,WP_003142380.1,WP_035065073.1,WP_212131826.1,*,WP_181555833.1,WP_066323328.1,*,*,*,*,WP_070509409.1,*,*,*,*,*,"QQA48508.1,QPT06237.1",WP_085237393.1,"QPT06237.1,QQA48508.1,SNW04773.1",ASE37367.1,QQA48508.1,WP_126404671.1,WP_005589441.1,WP_018030324.1,WP_120701715.1,WP_019781403.1,*,*,*,*,*,*,*,lcl|CP022315.1_prot_ASK61555.1_940,0,2,0,0,1,0,1,0,0,3
12262,35,42,0.125,*,*,WP_107126844.1,WP_067980294.1,WP_004262484.1,WP_035067609.1,WP_171566069.1,WP_127015559.1,WP_194520463.1,WP_066327269.1,WP_095443519.1,WP_156264940.1,WP_114524850.1,WP_002335957.1,WP_060789078.1,"WP_208837137.1,WP_152401703.1,WP_152399483.1",*,WP_201768587.1,WP_225446272.1,WP_038693190.1,"QPT06000.1,QQA49197.1",WP_085236743.1,"QPT06000.1,QQA49197.1",ASE36988.1,QQA49197.1,WP_126404420.1,WP_005591280.1,WP_018030945.1,WP_117744381.1,WP_109833670.1,WP_009053001.1,WP_012995631.1,WP_049685549.1,WP_013150591.1,WP_009053001.1,"lcl|CP017962.1_prot_APC49039.1_2494,lcl|CP017962.1_prot_APC49010.1_2462","lcl|CP017962.1_prot_APC49039.1_2494,lcl|CP017962.1_prot_APC49010.1_2462","lcl|CP022315.1_prot_ASK61302.1_655,lcl|CP022315.1_prot_ASK62781.1_2289",0,0,0,3,1,0,1,0,0,3
12263,20,20,0.115,WP_060776377.1,WP_060777847.1,WP_059348573.1,*,WP_003143387.1,WP_238148450.1,*,*,WP_194519392.1,WP_238583572.1,WP_005877086.1,WP_002288041.1,WP_114524389.1,WP_002292956.1,WP_218257277.1,WP_076172670.1,*,WP_013920577.1,WP_162638295.1,WP_038693599.1,*,*,*,*,*,*,*,WP_018029526.1,*,WP_002960992.1,WP_003869297.1,*,*,*,WP_003869297.1,*,*,*,0,1,0,4,1,0,0,0,0,3
12309,31,35,0.21,*,*,WP_236747957.1,*,WP_167541425.1,WP_009361779.1,WP_212132700.1,*,WP_181554616.1,WP_066326561.1,*,*,WP_114524533.1,*,WP_218257355.1,WP_152400765.1,WP_162359151.1,"WP_014368421.1,WP_014649538.1",WP_162643271.1,WP_038694423.1,"QQA49223.1,QPT07101.1",WP_085236688.1,"QPT07101.1,SNW03333.1,QQA49223.1",ASE36527.1,QQA49223.1,WP_126403788.1,WP_005591756.1,WP_018030783.1,WP_117745243.1,WP_019769434.1,WP_012268808.1,WP_012994200.1,WP_049684255.1,WP_013149507.1,WP_012268808.1,lcl|CP017962.1_prot_APC49249.1_2720,lcl|CP017962.1_prot_APC49249.1_2720,lcl|CP022315.1_prot_ASK63756.1_3340,0,1,0,1,1,0,0,0,0,3
12667,27,41,0.141,WP_060776451.1,WP_060777760.1,WP_059348523.1,*,WP_003140835.1,WP_009362215.1,WP_171566594.1,*,WP_194520706.1,WP_066322901.1,*,*,WP_010778981.1,*,WP_028021134.1,WP_240913286.1,"WP_225442896.1,WP_162357309.1",WP_236628962.1,"WP_225446567.1,WP_162638454.1","WP_245625180.1,WP_038694387.1","QQA48658.1,QPT05644.1,QQA47859.1","WP_085237255.1,WP_085237944.1","QQA48658.1,QPT05644.1,QQA47859.1",ASE35751.1,"QQA48658.1,QQA47859.1",*,*,*,*,*,"WP_012269722.1,WP_012269703.1","WP_012994365.1,WP_012994415.1","WP_049684385.1,WP_049684427.1","WP_013149705.1,WP_012994415.1","WP_012269722.1,WP_012269703.1",lcl|CP017962.1_prot_APC48795.1_2235,lcl|CP017962.1_prot_APC48795.1_2235,*,0,0,0,1,1,0,0,1,0,3
12771,23,23,0.016,*,*,*,WP_067977329.1,*,WP_035066282.1,WP_230077432.1,*,*,*,WP_095443680.1,WP_002287907.1,WP_114525979.1,WP_002312363.1,WP_218256326.1,WP_152399883.1,WP_162359373.1,WP_014653130.1,WP_162643054.1,*,*,WP_085237108.1,SNW04399.1,ASE37716.1,*,*,*,*,*,*,WP_009052717.1,WP_012995641.1,WP_049685566.1,WP_013150603.1,WP_009052717.1,lcl|CP017962.1_prot_APC47024.1_351,lcl|CP017962.1_prot_APC47024.1_351,lcl|CP022315.1_prot_ASK61813.1_1211,0,0,1,2,1,0,0,0,0,3
12788,20,24,0.115,*,WP_060778199.1,"WP_059348380.1,WP_059348870.1",*,"WP_003143259.1,WP_003142634.1",WP_026011873.1,"WP_230077508.1,WP_230077519.1",WP_127017405.1,"WP_181555357.1,WP_194520483.1",WP_066322564.1,*,*,WP_114525238.1,*,*,*,WP_162355573.1,WP_016362569.1,WP_162640118.1,WP_038695971.1,QPT05987.1,*,QPT05987.1,ASE36969.1,*,*,WP_005590352.1,*,*,*,*,*,*,*,*,lcl|CP017962.1_prot_APC49780.1_3304,lcl|CP017962.1_prot_APC49780.1_3304,lcl|CP022315.1_prot_ASK62052.1_1472,0,2,0,2,0,1,0,0,0,3
12793,29,36,0.11,WP_060776482.1,"WP_060778394.1,WP_060778920.1",WP_059348549.1,WP_067979587.1,WP_003143028.1,*,WP_230077326.1,WP_127017098.1,WP_181555423.1,WP_066322669.1,WP_081134575.1,WP_002286294.1,WP_114525224.1,WP_002329594.1,"WP_218256299.1,WP_028020055.1",WP_152403520.1,WP_162358370.1,"WP_013917165.1,WP_016362483.1","WP_225446252.1,WP_162643892.1",WP_038693526.1,"QQA48698.1,QPT07153.1",WP_085237216.1,"QQA48698.1,QPT07153.1,SNW03507.1",*,QQA48698.1,*,*,*,*,*,WP_009051947.1,*,*,WP_013149682.1,WP_009051947.1,lcl|CP017962.1_prot_APC49948.1_3478,lcl|CP017962.1_prot_APC49948.1_3478,lcl|CP022315.1_prot_ASK62482.1_1957,0,1,0,1,2,0,0,0,0,3
12852,31,35,0.101,WP_060776387.1,WP_060777827.1,WP_016897445.1,*,WP_106427315.1,WP_035064951.1,WP_171565560.1,*,WP_181555783.1,WP_066323283.1,WP_005880230.1,WP_002289330.1,WP_010780015.1,WP_002293576.1,WP_028021286.1,"WP_152400922.1,WP_076169841.1",WP_162355185.1,WP_013917768.1,WP_162640482.1,WP_038697660.1,"QQA47976.1,QPT05690.1",WP_085237886.1,"SNW01107.1,QQA47976.1,QPT05690.1",ASE37927.1,QQA47976.1,*,*,WP_018030757.1,*,WP_002999065.1,WP_003868887.1,*,WP_049684688.1,*,WP_003868887.1,lcl|CP017962.1_prot_APC49845.1_3371,lcl|CP017962.1_prot_APC49845.1_3371,lcl|CP022315.1_prot_ASK61990.1_1404,0,2,0,6,0,0,0,3,0,3
12933,26,27,0.179,*,*,WP_059348672.1,WP_067977344.1,WP_039935557.1,WP_035064369.1,*,WP_127016249.1,WP_181555306.1,WP_066322439.1,WP_081134386.1,WP_002289264.1,WP_086304284.1,WP_002290235.1,WP_010744660.1,WP_152401886.1,*,WP_014369172.1,*,WP_038697337.1,QQA48861.1,WP_085237054.1,"QQA48861.1,SNW04286.1",*,QQA48861.1,WP_048689741.1,WP_005590787.1,WP_018030337.1,WP_048689741.1,WP_002961236.1,*,*,*,*,*,lcl|CP017962.1_prot_APC47897.1_1289,lcl|CP017962.1_prot_APC47897.1_1289,*,0,2,0,1,1,0,0,0,0,3
12948,24,25,0.316,*,*,WP_034257879.1,*,*,WP_035067659.1,WP_171566281.1,*,"WP_194519443.1,WP_194519453.1",WP_066328133.1,WP_081134096.1,WP_002294124.1,WP_114525788.1,WP_002293628.1,WP_010745249.1,WP_152401239.1,WP_162360080.1,WP_014372083.1,WP_162642346.1,WP_245625065.1,QQA48848.1,*,QQA48848.1,*,QQA48848.1,WP_126404872.1,WP_005591169.1,*,WP_120701557.1,*,*,*,*,*,*,lcl|CP017962.1_prot_APC46959.1_284,lcl|CP017962.1_prot_APC46959.1_284,lcl|CP022315.1_prot_ASK61497.1_877,0,0,0,3,1,2,0,0,0,3
13221,27,36,0.133,WP_060776657.1,WP_060777501.1,"WP_059349189.1,WP_059349188.1",WP_067978188.1,"WP_003142187.1,WP_003142185.1",WP_009361996.1,"WP_171565984.1,WP_171565674.1",WP_127016587.1,WP_194520580.1,WP_066323181.1,*,*,WP_114525359.1,WP_002291404.1,WP_218255808.1,WP_152398383.1,WP_162360552.1,WP_013917590.1,WP_162645494.1,WP_038695509.1,"QQA48318.1,QPT06417.1","WP_085237571.1,WP_085237012.1","QQA48318.1,QPT06417.1,SNV99054.1,SNW04737.1",ASE37518.1,QQA48318.1,*,*,*,*,*,*,*,WP_049686183.1,*,*,lcl|CP017962.1_prot_APC47443.1_800,lcl|CP017962.1_prot_APC47443.1_800,"lcl|CP022315.1_prot_ASK60860.1_173,lcl|CP022315.1_prot_ASK62450.1_1922",0,1,0,0,2,0,0,2,0,3
13353,23,27,0.202,*,WP_013668854.1,WP_003143523.1,*,WP_003143523.1,*,*,*,WP_181555947.1,"WP_066327359.1,WP_066325615.1",WP_095443797.1,WP_002290973.1,WP_010740068.1,WP_002290973.1,WP_010740068.1,WP_152404273.1,*,*,*,WP_038695911.1,"QQA47511.1,QPT07117.1",WP_085238286.1,"QQA47511.1,QPT07117.1,SNW02727.1",ASE36061.1,QQA47511.1,WP_126404711.1,WP_005590898.1,WP_018030977.1,WP_023027164.1,WP_002959089.1,*,*,WP_049685042.1,*,*,*,*,*,0,3,0,1,0,0,2,0,0,3
13828,21,24,0.182,*,*,WP_236747956.1,WP_067978041.1,WP_106427286.1,*,WP_212132811.1,*,*,WP_066324896.1,*,*,WP_114525453.1,*,WP_218257586.1,WP_152398857.1,WP_162357287.1,WP_041618760.1,WP_162638478.1,*,"QPT06676.1,QQA49136.1",*,"QPT06676.1,SNW03523.1,QQA49136.1",ASE36619.1,QQA49136.1,WP_126404685.1,WP_005590889.1,WP_018030340.1,WP_120701708.1,WP_019769769.1,*,*,*,*,*,*,*,lcl|CP022315.1_prot_ASK61558.1_943,0,2,0,3,1,0,0,0,0,3
13884,31,31,0.453,WP_060776974.1,*,WP_026465172.1,WP_067980811.1,WP_003143196.1,WP_035064858.1,WP_171566015.1,WP_127015541.1,WP_181555731.1,WP_066323226.1,WP_081133814.1,WP_002286379.1,WP_114524111.1,WP_002329615.1,WP_010746451.1,WP_089549206.1,WP_162360102.1,*,WP_162642270.1,WP_038694716.1,*,*,*,*,*,WP_126404984.1,WP_005591466.1,WP_018029491.1,WP_120701465.1,WP_019772410.1,WP_004399054.1,WP_012996146.1,WP_006569771.1,WP_012996146.1,WP_004399054.1,lcl|CP017962.1_prot_APC49553.1_3052,lcl|CP017962.1_prot_APC49553.1_3052,lcl|CP022315.1_prot_ASK62662.1_2158,0,5,0,5,1,0,0,0,0,3
14048,29,47,0.14,WP_060777318.1,WP_060777605.1,*,*,*,WP_019417646.1,WP_171567421.1,WP_127015504.1,WP_194519430.1,*,"WP_081134207.1,WP_005878090.1","WP_002286304.1,WP_002288085.1",WP_010778878.1,"WP_002312797.1,WP_002310242.1","WP_060789073.1,WP_060789383.1","WP_116232892.1,WP_116232988.1,WP_152403480.1",WP_162358604.1,"WP_014649719.1,WP_187298015.1",WP_162644047.1,WP_038695897.1,"QQA48190.1,QPT06053.1,QPT06232.1",WP_085237679.1,"QQA48190.1,QPT06053.1,QPT06232.1,SNV99684.1","ASE37312.1,ASE36466.1",QQA48190.1,"WP_126403933.1,WP_126403931.1","WP_005590953.1,WP_005592422.1",*,"WP_120702284.1,WP_120702288.1",*,*,WP_012994539.1,*,WP_012994539.1,*,lcl|CP017962.1_prot_APC47139.1_472,lcl|CP017962.1_prot_APC47139.1_472,"lcl|CP022315.1_prot_ASK64182.1_3817,lcl|CP022315.1_prot_ASK62598.1_2081,lcl|CP022315.1_prot_ASK61048.1_373",0,0,0,2,1,0,0,1,0,3
14187,32,34,0.152,*,*,WP_232089659.1,*,WP_235585503.1,WP_035067802.1,WP_171566195.1,WP_236777852.1,WP_181557604.1,WP_066326976.1,WP_005875967.1,WP_002293890.1,WP_010780353.1,WP_002329349.1,WP_218255961.1,WP_152400293.1,WP_162359451.1,WP_013920989.1,WP_225446150.1,WP_038694104.1,"QPT06761.1,QQA49669.1",WP_206168696.1,"QPT06761.1,QQA49669.1",ASE36523.1,QQA49669.1,WP_126404876.1,*,*,WP_120701551.1,*,WP_003866846.1,WP_012994663.1,WP_049684640.1,WP_012994663.1,WP_003866846.1,lcl|CP017962.1_prot_APC47118.1_451,lcl|CP017962.1_prot_APC47118.1_451,lcl|CP022315.1_prot_ASK61238.1_584,0,1,0,2,2,0,0,0,0,3
14211,38,41,0.331,WP_060776705.1,WP_060777670.1,WP_059348803.1,WP_067977723.1,WP_039935487.1,WP_035065564.1,WP_171567328.1,WP_127017099.1,WP_181554738.1,WP_066327711.1,WP_005880387.1,WP_002291653.1,WP_010781538.1,WP_002291653.1,WP_010746697.1,WP_076169906.1,WP_162358312.1,WP_013917608.1,WP_162644351.1,WP_038695487.1,"QQA49490.1,QPT06954.1",WP_085236237.1,"QQA49490.1,SNW02922.1,QPT06954.1",ASE36339.1,QQA49490.1,WP_117744504.1,WP_005590686.1,WP_018030227.1,WP_120701744.1,WP_002962649.1,WP_003866900.1,WP_012994583.1,WP_049684586.1,WP_012994583.1,WP_003866900.1,lcl|CP017962.1_prot_APC47993.1_1390,lcl|CP017962.1_prot_APC47993.1_1390,lcl|CP022315.1_prot_ASK62933.1_2455,0,3,0,0,0,0,1,1,0,3
14850,34,37,0.235,WP_060776952.1,WP_060778585.1,WP_173636793.1,WP_067979636.1,WP_003141608.1,WP_009361998.1,WP_171566540.1,WP_164731120.1,WP_194519714.1,WP_066323178.1,WP_081134877.1,WP_002286199.1,WP_114524062.1,WP_002291338.1,WP_218256903.1,WP_076174092.1,WP_162360644.1,WP_014652723.1,WP_162645385.1,WP_038698281.1,"QQA49368.1,QPT06892.1",WP_085236391.1,"QQA49368.1,QPT06892.1,SNW03047.1",ASE36402.1,QQA49368.1,WP_126403820.1,WP_005591084.1,WP_018030956.1,WP_120701216.1,WP_002960055.1,*,*,WP_006569182.1,*,*,lcl|CP017962.1_prot_APC47441.1_798,lcl|CP017962.1_prot_APC47441.1_798,lcl|CP022315.1_prot_ASK60862.1_175,0,1,0,2,0,0,0,1,0,3
15116,20,21,0.114,WP_060777191.1,*,"WP_059348850.1,WP_059348722.1",WP_067977311.1,WP_003141294.1,*,*,*,*,*,WP_081134578.1,WP_002287265.1,WP_114525303.1,WP_219273615.1,WP_028020633.1,*,WP_162360120.1,*,WP_162642214.1,WP_038695221.1,*,*,*,*,*,*,WP_005591802.1,WP_018029917.1,*,WP_019777523.1,WP_012268924.1,WP_012996100.1,WP_049685966.1,WP_013150933.1,WP_012268924.1,*,*,*,0,3,0,2,1,0,0,0,0,3
